-- phpMyAdmin SQL Dump
-- version 5.2.1
-- https://www.phpmyadmin.net/
--
-- Host: 127.0.0.1
-- Generation Time: Oct 07, 2025 at 09:25 AM
-- Server version: 10.4.32-MariaDB
-- PHP Version: 8.2.12

SET SQL_MODE = "NO_AUTO_VALUE_ON_ZERO";
START TRANSACTION;
SET time_zone = "+00:00";


/*!40101 SET @OLD_CHARACTER_SET_CLIENT=@@CHARACTER_SET_CLIENT */;
/*!40101 SET @OLD_CHARACTER_SET_RESULTS=@@CHARACTER_SET_RESULTS */;
/*!40101 SET @OLD_COLLATION_CONNECTION=@@COLLATION_CONNECTION */;
/*!40101 SET NAMES utf8mb4 */;

--
-- Database: `sertifikasi_hakim`
--

-- --------------------------------------------------------

--
-- Table structure for table `drp_hakim_perikanan`
--

CREATE TABLE `drp_hakim_perikanan` (
  `id` int(11) NOT NULL,
  `nama` varchar(255) NOT NULL,
  `foto_filename` varchar(255) DEFAULT NULL,
  `nip_nrp` varchar(100) DEFAULT NULL,
  `gol_rg` varchar(100) DEFAULT NULL,
  `tempat_lahir` varchar(100) DEFAULT NULL,
  `tanggal_lahir` varchar(100) DEFAULT NULL,
  `jenis_kelamin` varchar(50) DEFAULT NULL,
  `agama` varchar(50) DEFAULT NULL,
  `jabatan` varchar(255) DEFAULT 'Hakim Ad Hoc Perikanan',
  `penempatan` varchar(255) DEFAULT NULL,
  `asal_organisasi` text DEFAULT NULL,
  `nama_pasangan` varchar(255) DEFAULT NULL,
  `jumlah_anak` varchar(10) DEFAULT NULL,
  `pendidikan` text DEFAULT NULL,
  `alamat` text DEFAULT NULL,
  `kontak` varchar(255) DEFAULT NULL,
  `riwayat_pekerjaan` text DEFAULT NULL,
  `keterangan` text DEFAULT NULL
) ENGINE=InnoDB DEFAULT CHARSET=utf8mb4 COLLATE=utf8mb4_general_ci;

--
-- Dumping data for table `drp_hakim_perikanan`
--

INSERT INTO `drp_hakim_perikanan` (`id`, `nama`, `foto_filename`, `nip_nrp`, `gol_rg`, `tempat_lahir`, `tanggal_lahir`, `jenis_kelamin`, `agama`, `jabatan`, `penempatan`, `asal_organisasi`, `nama_pasangan`, `jumlah_anak`, `pendidikan`, `alamat`, `kontak`, `riwayat_pekerjaan`, `keterangan`) VALUES
(1, 'HENDRA ADI PRAMONO, S.H, M.H', NULL, 'NRP. 17600/P', 'MAYOR LAUT (PM)', 'BANYUWANGI', '08 OKTOBER 1976', 'PRIA', 'ISLAM', 'Hakim Ad Hoc Perikanan', 'PN JAKARTA UTARA', 'PUSDIKPOMAL KODIKDUKUM KODIKLATAL', NULL, NULL, 'MH UNIV HANG TUAH SURABAYA TH. 2018, SH UNIV PUTRA BANGSA Thn. 2003', 'PERUM SIDOKARE ASRI BLOK BP NO.14 RT.60 RW.15 SIDOARJO JAWA TIMUR', NULL, 'TES PENERIMAAN DI MA RI. KEPRES NO 128/P TAHUN 2019 (21-11-19). HK AD HOC PN JAKARTA UTARA (04-02-20)', 'MASA JABATAN HABIS NOVEMBER 2024'),
(2, 'WARSITA, S.H.', NULL, '13634/P', NULL, 'Sukoharjo', '20 Oktober 1972', 'PRIA', 'ISLAM', 'Hakim Ad Hoc Perikanan', 'PN JAKARTA UTARA', 'TNI AL (Letkol Laut) Diskumal Mabesal', 'Marwa Juwita Ayu', '2', 'S1 UNS 1997', 'Kelintang Barat IV/07, RT 03 RW 06, Kel. Kelintang, Kec. Gayungan, Surabaya', '081231094255', 'TES PENERIMAAN DI PT JAKARTA', 'RANKING 1 DIKLAT'),
(3, 'Ir. ARNOFI', NULL, NULL, NULL, 'Padang', '29 November 1963', 'PRIA', 'ISLAM', 'Hakim Ad Hoc Perikanan', 'PN JAKARTA UTARA', 'Pensiunan ASN Dinas Kelautan dan perikanan Prov. Sumatera Barat', 'Rahmawati, Peg Swasta', '4', 'S1 Univ Bung Hatta 1989', 'Jl. Jawa Gadut 4, Limau Manis, Kec. Pauh, Kota Padang, Sumatera Barat', NULL, 'TES PENERIMAAN DI PT JAKARTA', 'RANKING 2 DIKLAT'),
(4, 'SUGENG WIDODO, S.H.', NULL, 'NRP. 12176/P', 'LETKOL (KH)', 'KEDIRI', '2 FEBRUARI 1964', 'PRIA', 'ISLAM', 'Hakim Ad Hoc Perikanan', 'PN MEDAN', 'TNI AL', NULL, NULL, 'SH, UNIV AIRLANGGA Thn. 1990', 'JL. KALIMAYA 9 NO.O.16 KOTABARU DRIYOREJO GRESIK JAWA TIMUR SURABAYA', NULL, 'TES PENERIMAAN DI MA RI. KEPRES NO 128/P TAHUN 2019 (21-11-19). HK AD HOC PN MEDAN (04-02-20)', 'MASA JABATAN HABIS NOVEMBER 2024'),
(5, 'Ir.ROBERT NAPITUPULU, M.Sc.,S.H.', NULL, '19612509 198703 1 003', 'KEPALA BIDANG PENGAWASAN SUMBER DAYA KELAUTAN DAN PERIKANAN', 'MEDAN', '25 SEPTEMBER 1961', 'PRIA', 'KRISTEN PROTESTAN', 'Hakim Ad Hoc Perikanan', 'PN MEDAN', 'DINAS KELAUTAN DAN PERIKANAN', 'RUTH S.F TAMBUNAN S.E. (IRT)', '4', 'UNIV OF NEWCASTLE UPON TYNE, STUDY TROPICAL COASTAL MANAGEMEN Thn. 1996, IPB FEK PERIKANAN Thn. 1986, SH UNIV PEMBANGUNAN PANCA BUDI Thn. 2024', 'JL. SEI GALANG NO37, MEDAN', 'robertnapitupulu25@gmail.com', 'TES PENERIMAAN DI MA RI. KEPRES NO 128/P TAHUN 2019 (21-11-19). HK AD HOC PN MEDAN (04-02-20)', 'MASA JABATAN HABIS NOVEMBER 2024'),
(6, 'SONIADY DRAJAT SADARISMAN, S.H., M.H.', NULL, '13118/P', 'LETKOL LAUT', 'BANDUNG', '27 MEI 1969', 'LAKI-LAKI', 'ISLAM', 'Hakim Ad Hoc Perikanan', 'PN MEDAN', 'TNI AL/ KASUBDIS HUKUM LAUT DAN HUMANITER DINAS HUKUM KOARMADA I', NULL, NULL, 'SH UNIV PASUNDAN Thn. 1996. MH UNIV JAYABAYA Thn. 2017', 'Jl. KRI PATIMURA ATAS NO. 1 RT 002 RW 041 DEASA. CIANGSANA KEC. GUNUNG PUTRI KAB. BOGOR PROV JAWA BARAT', NULL, 'TES PENERIMAAN DI JAKARTA. HK AD HOC PN MEDAN (14-01-21). KEPRES 137/P TAHUN 2020', NULL),
(7, 'Ir. RAJA PASARIBU, M.Sc.', NULL, NULL, NULL, 'PADANG SIDEMPUAN', '22 FEBRUARI 1960', 'LAKI-LAKI', 'KRISTEN', 'Hakim Ad Hoc Perikanan', 'PN MEDAN', 'PNS, ADVISOR PENGURUSAN PERIZINAN DAN PENGELOLAAN PASAR IKAN MODEREN (PIM) MUARA BARU', NULL, NULL, 'M.Sc. MISSISSIPPI STATE UNIVERSITY THn. 1993', 'JL. BLUE SAFIR BLOK D. No. 405, JAKA SAMPURNA, BEKASI BARAT, BEKASI 17145', '081281234388, 081380903888, rajapasaribu@kkp.go.id', 'TES PENERIMAAN DI JAKARTA. HK AD HOC PN MEDAN (14-01-21). KEPRES 137/P TAHUN 2020', NULL),
(8, 'SYAIFUL ANAM, S.H., M.H.', NULL, '19898/P', 'KAPTEN LAUT (PM)', 'TUBAN', '31 JANUARI 1976', 'LAKI-LAKI', 'ISLAM', 'Hakim Ad Hoc Perikanan', 'PN MEDAN', 'TNI-AL (LANAL CIREBON, LANTAMAL III)', 'WIRASWASTA', '3', 'MH UNIV NAROTAMA Thn. 2015', 'WISMA LIDAH KULON BLOK C NO 99, RT. OO2 RW. 004 KEL. LIDAH KULON KEC. LAKARSARI, SURABAYA. ATAU Jln. BATU SAFIR MERAH II BLOK KJ NOMOR 27 KOTA BARU DRIYOREJO GRESIK JAWA TIMUR', NULL, 'TES PENERIMAAN DI JAKARTA. HK AD HOC PN MEDAN (14-01-21). KEPRES 137/P TAHUN 2020', 'MASA JABATAN HABIS DESEMBER 2025'),
(9, 'SIGIT WIBOWO, S.Pi.,M.Pi.', NULL, '197909182008011011', 'III/d', 'Semarang', '18 September 1979', 'PRIA', 'ISLAM', 'Hakim Ad Hoc Perikanan', NULL, 'Analis Pengawasan SDKP Kementrian Kelautan', 'IRT', '3', 'S1 Undip 2004, S2 Undip 2019', 'Jl. Belimbing Dewa No 58 Pancoran Mas - Depok', NULL, 'TES PENERIMAAN DI PT JAKARTA', 'RANKING 6 DIKLAT'),
(10, 'HANDONO, S.H.', NULL, '17613/P', NULL, 'Malang', '1 Januari 1965', 'PRIA', 'ISLAM', 'Hakim Ad Hoc Perikanan', NULL, 'Mayor Laut', 'Nining Dwi Ariany (Jaksa)', '2', 'S1 Univ Hang Tuah 1994', 'Perum Pesona Sekargading Blok B-12B Sekardangan Sidoarjo', NULL, 'TES PENERIMAAN DI PT JAKARTA', 'RANKING 8 DIKLAT'),
(11, 'ADDULLAH, A.Pi,. M.MA', NULL, '19611112 199003 1 002', 'IV/b', 'MEDAN', '12 NOVEMBER 1961', 'PRIA', NULL, 'Hakim Ad Hoc Perikanan', 'PN TANJUNG PINANG', 'BALAI PELATIHAN DAN PENYULUHAN PERIKANAN MEDAN', NULL, NULL, 'M.MA, UNIV MEDAN AREA Thn. 2007, A.Pi, PENDIDIKAN DAN AHLI USAHA PERIKANAN Thn. 1992', 'JL. KARYA BERSAMA NO.21 LK. V Kel. POLONIA MEDAN', NULL, 'TES PENERIMAAN DI MA RI. KEPRES NO 128/P TAHUN 2019 (21-11-19). HK AD HOC PN TANJUNG PINANG (04-02-20)', 'MASA JABATAN HABIS NOVEMBER 2024'),
(12, 'Ir. RAYMOND RM BAKO, MA.,QIA', NULL, '196305031994031004', 'IV/b', 'JAKARTA', '03 MEI 1963', 'PRIA', 'ISLAM', 'Hakim Ad Hoc Perikanan', NULL, 'AUDITOR MADYA, INSPEKTORAT III KEMENTERIAN PERIKANAN', 'ANI PRANANTI, PEG. SWASTA', '3', 'S1 IPB 1988, S2 UNIV. NAGOYA 1999', 'JL. RAYA PADJAJARAN, GG BACANG NO 21D - PAMULANG BARAT', NULL, 'TES PENERIMAAN DI PT JAKARTA', 'RANKING 4 DIKLAT'),
(13, 'WEDY NOVIZAR, S.H.', NULL, 'Nrp. 12350/P', 'LETKOL LAUT (KH)', 'SABANG', '24 NOVEMBER 1969', 'PRIA', 'ISLAM', 'Hakim Ad Hoc Perikanan', 'PN TANJUNG PINANG', 'TNI AL', NULL, NULL, 'SH UNSYIAH Thn. 1995', 'PERUM MUTIARA CITRA GRAHA BLOK A3 NO 4 CANDI SIDOARJO, JAWA TIMUR', NULL, 'KEPRES NO 128/P TAHUN 2019 (21-11-19). HK AD HOC PN TANJUNG PINANG (04-02-20)', 'MASA JABATAN HABIS NOVEMBER 2024'),
(14, 'JOKO SUPRAPTOMO, A.Pi., M.M.', NULL, '19631005 198603 1 003', 'IV/c', 'JAKARTA', '5 OKTOBER 1963', 'LAKI-LAKI', 'ISLAM', 'Hakim Ad Hoc Perikanan', 'PN TANJUNG PINANG', 'ANALIS KELAUTAN DAN PERIKANAN PADA DIREKTORAT PELABUHAN PERIKANAN, KKP', 'IRT', '4', 'MM UNIV NEGERI PADANG Thn. 2006', 'PERUM ALAM TIRTA LESTARI Jl. GUNUNG SEMERU CIOMAS BOGOR', '081247190100 joshtual51@gmail.com', 'TES PENERIMAAN DI JAKARTA. HK AD HOC PN TANJUNG PINANG (14-01-21). KEPRES 137/P TAHUN 2020', NULL),
(15, 'DEVI ARNITA, S.Pi.,M.Si.', NULL, NULL, NULL, 'Tanjungkarang', '1 September 1980', 'WANITA', 'ISLAM', 'Hakim Ad Hoc Perikanan', NULL, 'Dosen Institut Maritim Prasetiya Mandiri', NULL, NULL, 'S1 Univ. Riau 2004, S2 IPB 2014', 'Jl. Perwira I No 42, RT 02 Link. III Kel. Tanjungbaru, Kec. Kedamaian, Bandar Lampung, Prov. Lampung 35133', '081365788799 / deviarnita01@gmail.com', 'TES PENERIMAAN DI PT JAKARTA', 'RANKING 9 DIKLAT'),
(16, 'Dr. Halomoan Freddy Sitinjak Alexandra, S.H.,M.H.', NULL, NULL, NULL, 'Pematang Siantar', '13 Desember 1963', 'PRIA', 'KATOLIK', 'Hakim Ad Hoc Perikanan', NULL, 'Dosen Unhan R.I.', NULL, NULL, 'Doktor Univ. Islam Sultan Agung 2021', 'Jl. Asrama, Komp. Bumi Asri Blok G No 149, Medan', NULL, 'TES PENERIMAAN DI PT MEDAN', 'RANKING 11 DIKLAT'),
(17, 'SUTRIYADI, S.H,. M.H.', NULL, 'NRP. 10599/P', 'LETKOL LAUT (P)', 'SRAGEN', '27 MEI 1961', 'PRIA', 'ISLAM', 'Hakim Ad Hoc Perikanan', 'PN RANAI', 'PUSDIKPOMAL KODIKDUKUM KODIKLATAL', NULL, NULL, 'MH UI TH. 2004, SH UIV MERDEKA MALANG Thn. 1996', 'JL. GUA WIJAYA NO.15 UJUNG KECAMATAN SEMAMPIR SURABAYA', 'sutriyadi296@gmail.com', 'TES PENERIMAAN DI MA RI. KEPRES NO 128/P TAHUN 2019 (21-11-19). HK AD HOC PN RANAI (04-02-20)', 'MASA JABATAN HABIS NOVEMBER 2024'),
(18, 'SIRODJUDDIN, S.H., M.H.', NULL, '17476/P', 'MAYOR LAUT (KH)', 'SEMARANG', '2 JUNI 1970', 'LAKI-LAKI', 'ISLAM', 'Hakim Ad Hoc Perikanan', 'PN RANAI', 'KASUBDISBANHATKUM (DISKUM LANTAMAL V) TNI - AL', 'SWASTA', '2', 'MH UNIV 17 AGUSTUS 1945 SBY Thn. 2015', 'Jl. GEMBILLI RAYA NO 79 SURABAYA.', NULL, 'TES PENERIMAAN DI JAKARTA. HK AD HOC PN RANAI (14-01-21). KEPRES 137/P TAHUN 2020', NULL),
(19, 'SURIADI, S.H.', NULL, '19780502 200502 1 002', 'PENATA MUDA YK 1 / IIIb', 'BEKIUN', '02 MEI 1978', 'LAKI-LAKI', 'ISLAM', 'Hakim Ad Hoc Perikanan', 'PN RANAI', 'PNS KKP RI (MARKONIS KP. Hiu 06)', 'EMILIA DRIANI, SP (PNS DINAS KELAUTAN PERIKANAN SUMBAR)', '2', 'SH UNIV TAMANSISWA PADANG THn. 2013', 'JL. TRANS BARELANG JEMBATAN II PULAU NIPAH SETOKOK BATAM', '081267555575, suryajasmine87@yahoo.co.id', 'TES PENERIMAAN DI MEDAN. HK AD HOC PN RANAI (14-01-21). KEPRES 137/P TAHUN 2020', NULL),
(20, 'ENDRO BASUKI PRABOWO, A.Pi.', NULL, '19620921 198703 1 003', 'IV/a', 'PURWOKERTO', '21 SEPTEMBER 1962', 'LAKI-LAKI', 'ISLAM', 'Hakim Ad Hoc Perikanan', 'PN RANAI', 'KEPALA UPTD PELABUHAN PERIKANAN KOTA AGUNG DINAS KELAUTAN DAN PERIKANAN PROV LAMPUNG', NULL, NULL, 'A.Pi SEKOLAH TINGGI PERIKANAN Thn. 2019', 'Jln. BERINGIN 3 BLOK BLOK A3 NO. 15/16 PERUMAHAN BERINGIN RAYA, KEL. BERINGIN RAYA, KEC. KEMILING, KOTA BANDAR LAMPUNG-PROV LAMPUNG', '082245272288 endro_bonding@yahoo.com', 'TES PENERIMAAN DI JAKARTA. HK AD HOC PN RANAI (14-01-21). KEPRES 137/P TAHUN 2020', NULL),
(21, 'NUR SYAMSU, S.T.,M.Eng.', NULL, '197508292002121007', 'IV/b', 'UJUNG PANDANG', '29 AGUSTUS 1975', 'PRIA', 'ISLAM', 'Hakim Ad Hoc Perikanan', NULL, 'Sekretaris, Dinas Kelautan dan perikanan Sulbar', NULL, NULL, 'S1 Unhas 2000, S2 UGM 2011', 'Jl. K.H. Abdul Malik Pattana Endeng Komp. Perkantoran Gub. Sulbar', '081340451400 / ancudkpsulbar@gmail.com', 'TES PENERIMAAN DI PT MAKASSAR', 'RANKING 5 DIKLAT'),
(22, 'Dr. URIF SYARIFUDDIN, A.Pi., MTA', NULL, '19071228 199303 1 003', 'IV/a', 'JAKARTA', '28 DESEMBER 1970', 'PRIA', 'ISLAM', 'Hakim Ad Hoc Perikanan', 'PN PONTIANAK', 'BALAI PENGELOLAAN SUMBERDAYA PESISIR DAN LAUT MAKASSAR', 'HARMIVA SUDIARTI, S.Pi (IRT)', '3', 'A.Pi. UNIV COKROAMINOTO Thn. 2000, MTA UNIV LAMPUNG Thn. 2006, Dr. UNIV HASANNUDIN Thn. 2017', 'JL. POROS MAKASSAR MAROS KM.21/NO121 BULUBULU MAROS', NULL, 'TES PENERIMAAN DI MA RI. KEPRES NO 128/P TAHUN 2019 (21-11-19). HK AD HOC PN PONTIANAK (04-02-20)', 'MASA JABATAN HABIS NOVEMBER 2024'),
(23, 'EDI UTOMO, S.H., M.H.', NULL, 'NRP. 16823/P', 'MAYOR (PM)', 'PURWOREJO', '17 APRIL 1971', 'PRIA', 'ISLAM', 'Hakim Ad Hoc Perikanan', 'PN PONTIANAK', 'TNI AL', NULL, NULL, 'SH, UNIV HANGTUA SURABAYA Thn. 1999, MH, UNIV HANGTUA SURABAYA Thn. 2018', 'JL. KRI P. RANI BLOK D.19 RT.7 RW.2 MEDOKAN SEMAMPIR SURABAYA', NULL, 'TES PENERIMAAN DI MA RI. KEPRES NO 128/P TAHUN 2019 (21-11-19). HK AD HOC PN PONTIANAK (04-02-20)', 'MASA JABATAN HABIS NOVEMBER 2024'),
(24, 'Ir. GATOT RUDIYONO, S.H., M.M.', NULL, '19580103 198503 1 002', 'IV/d', 'MAKASSAR', '03 JANUARI 1958', 'LAKI-LAKI', 'KATOLIK', 'Hakim Ad Hoc Perikanan', 'PN PONTIANAK', 'KEPALA DINAS - KELAUTAN DAN PERIKANAN', NULL, '3', 'SM. SEKOLAH TINGGI ILMU HUKUM IKBAL Thn. 2007, MM SEKOLAH TINGGI ILMU EKONOMI IPWI Thn. 1997', 'Jl. KS. TUBAN Gg FLAMBOYAN NO 4 PONTIANAK - KALIMANTAN BARAT', NULL, 'TES PENERIMAAN DI JAKARTA. HK AD HOC PN PONTIANAK (14-01-21). KEPRES 137/P TAHUN 2020', NULL),
(25, 'Dr. NOVA YUNIARTI, S.Pi., M.P.', NULL, NULL, NULL, 'GOA', '25 JUNI 1975', 'PEREMPUAN', 'ISLAM', 'Hakim Ad Hoc Perikanan', 'PN PONTIANAK', 'DOSEN (STAF PENGAJAR UNIV NEGERI MAKASSAR)', NULL, NULL, 'Dr. UNIV HASANUDDIN Thn. 2013', 'Jl. SKARDA \'N\' NO. 5 MAKASSAR', '0811467507 novayuniarti1975@gmail.com', 'TES PENERIMAAN DI MAKASSAR. HK AD HOC PN PONTIANAK (14-01-21). KEPRES 137/P TAHUN 2020', NULL),
(26, 'Ir. RUSLAN, M.M.', NULL, '19650410 199403 1 008', 'Pembina Tk. I, IV/b', 'SIDRAP', '10 APRIL 1965', 'PRIA', 'ISLAM', 'Hakim Ad Hoc Perikanan', NULL, 'MANTAN AD HOC PERIKANAN PN TUAL, KEPALA BID. PERIKANAN TANGKAP DINAS KELAUTAN DAN PERIKANAN PROV. SULBAR', NULL, NULL, 'S2 UNIV. MUSLIM INDONESIA TH 2016', 'JLN. ABD MALIK PATTANA ENDANG NO. 45 MAMUJU / JL. GUNUNG NONA, BOLANGI NO. 7A MAKASSAR', '081343576889 / ruslansaad@gmail.com', 'TES PENERIMAAN DI PT MAKASSAR', 'RANKING 3 DIKLAT'),
(27, 'SUGENG TRIONO,S.H., M.H.', NULL, 'NRP. 16295/P', 'MAYOR LAUT (KH)', 'BANYUMAS', '7 MEI 1978', 'PRIA', 'ISLAM', 'Hakim Ad Hoc Perikanan', 'PN BITUNG', 'TNI AL', NULL, NULL, 'MH UI Thn. 2019', 'MESS PERWIRA GAJAH MADA II KOMPLEK TNI AL KODAMAR JALAN HARAPAN NO.7 KECAMATAN KELAPA GADING JAKARTA UTARA 14240', 'sungengtriono911@gmail.com', 'TES PENERIMAAN DI MA RI. KEPRES NO 128/P TAHUN 2019 (21-11-19). HK AD HOC PN BITUNG (04-02-20)', 'MASA JABATAN HABIS NOVEMBER 2024'),
(28, 'TEMMY FETROZIAN, S.St,.Pi., M.H.', NULL, '19770380 200312 1 005', 'IV/a', 'TANJUNG KARANG', '08 MARET 1977', 'PRIA', 'ISLAM', 'Hakim Ad Hoc Perikanan', 'PN BITUNG', 'PNS DINAS PENDIDIKAN PERIKANAN KABUPATEN TANGGAMUS', NULL, NULL, 'MH UNIV BANDAR LAMPUNG TH. 2009, S.St,.Pi SEKOLAH TINGGI PERIKANAAN JKT Thn. 1999', 'JLN. SAIFUL ANWAR NO 75 KURIPAN KEC. KOTA AGUNG KAB. TANGGAMUS', 'fatro21@gmail.com', 'TES PENERIMAAN DI MA RI. KEPRES NO 128/P TAHUN 2019 (21-11-19). HK AD HOC PN BITUNG (04-02-20)', 'MASA JABATAN HABIS NOVEMBER 2024'),
(29, 'MUSDAMIN, S.Pi.', NULL, NULL, NULL, 'TOBIMEITA', '02 JUNI 1977', 'LAKI-LAKI', 'ISLAM', 'Hakim Ad Hoc Perikanan', 'PN BITUNG', 'WIRASWASTA', NULL, NULL, 'S.Pi. UNIV HALUOLEO Thn. 2018', 'Jl. BALAI KELURAHAN TOBIMEITA, ABELI KOTA KENDARI-SULAWESI TENGGARA, 93237', '085242250416 dhamytobimeita@gmail.com', 'TES PENERIMAAN DI MAKASSAR. HK AD HOC PN BITUNG (14-01-21). KEPRES 137/P TAHUN 2020', NULL),
(30, 'Ir. ARMAIN NAIM, S.H., M.Si.', NULL, '19680718 199503 1 003', 'IV/b', 'MALUKU UTARA', '18 JULI 1968', 'PRIA', 'ISLAM', 'Hakim Ad Hoc Perikanan', 'PN TUAL', 'DITJEN PSDKP AMBON', 'ARMAIN NAIM, S.J., M.Si. (PNS)', '4', 'Ir. UNIV SAM RATULANG MANADO Thn. 1992, MH UNIV MUHAMADDIYAH Thn. 2011, M.Si. UT 2010', 'KEL. MARIKURUBU TR.1 RW.1 KOTA TERNATE', NULL, 'TES PENERIMAAN DI MA RI. KEPRES NO 128/P TAHUN 2019 (21-11-19). HK AD HOC PN TUAL (04-02-20)', 'MASA JABATAN HABIS NOVEMBER 2024'),
(31, 'SAPTOYO, S.E., M.Sc', NULL, '19691009 199403 1 005', 'IV/a', 'BANYUMAS', '09 OKTOBER 1969', 'LAKI-LAKI', 'ISLAM', 'Hakim Ad Hoc Perikanan', 'PN TUAL', 'KEPALA SEKSI PENDAYAGUNAAN PESISIR DAN PALAU-KECIL (DINAS KELAUTAN DAN PERIKANAN KALIMANTAN BARAT)', 'IRT', '3', 'M.Sc ISTITUR PERTANIAN BOGOR Thn. 2007', 'JL. TEKAM KOMP. GRIYA PRATAMA I BLOK H, 01, TR 003/ RW 005, KEL. SAIGON, KEC. PONTIANAK TIMUR', '082157175299 Raja-diraja10@yahoo.com maharajabijak@gmail.com', 'TES PENERIMAAN DI JAKARTA. HK AD HOC PN TUAL (14-01-21). KEPRES 137/P TAHUN 2020', NULL),
(32, 'Dr. Ir. IRAWAN MURIPTO, M.Sc', NULL, '19691013 199512 1 001', 'IV/d', 'SEMARANG', '25 SEPTEMBER 1951', 'LAKI-LAKI', 'ISLAM', 'Hakim Ad Hoc Perikanan', 'PN TUAL', 'DOSEN TIDAK TETAP PD SEKOLAH TINGGI PERIKANAN (DINAS KELAUTAN DAN PERIKANAN PROV BANTEN)', NULL, NULL, 'Dr. ISTITUR PERTANIAN BOGOR Thn. 2020', 'KOMPLEK SEKOLAH TINGGI PERIKANAN RT 01 RW 08 PASAR MINGGU JAKARTA SELTAN (12520)', 'irawanmrpt@gmail.com 087751300278', 'TES PENERIMAAN DI JAKARTA. HK AD HOC PN TUAL (14-01-21). KEPRES 137/P TAHUN 2020', NULL),
(33, 'ALEX TARUGI TOBING, S.H., M.H.', NULL, '19670410 199903 1 005', 'IV/a', 'JAKARTA', '10 APRIL 1967', 'PRIA', 'KRISTEN', 'Hakim Ad Hoc Perikanan', 'PN AMBON', 'KEMRNTRIAN KELAUTAN DAN PERIKANAN', 'SILVIA RIRIANI H, SH., MKn (NOTARIS)', '3', 'MH UNIV KRISNADWIPAYA Thn.2007, SH UNIV TARUMANEGARA thn. 1995', 'JL. KETAPANG I BLOK DD 48/11', NULL, 'TES PENERIMAAN DI MA RI. KEPRES NO 128/P TAHUN 2019 (21-11-19). HK AD HOC PN AMBON (04-02-20)', 'MASA JABATAN HABIS NOVEMBER 2024'),
(34, 'NURSYAMSI JUNUS, S.T., M.Sc.', NULL, '19731013 200701 2 009', 'III/d', 'UJUNG PANDANG', '13 OKTOBER 1973', 'PEREMPUAN', 'ISLAM', 'Hakim Ad Hoc Perikanan', 'PN AMBON', 'PNS STAF BIDANG PERIKANAN TANGKAP DINAS KELAUTAN DAN PERIKANAN PROV SUL-SEL', NULL, NULL, 'M.Sc. UNIV GAJAH MADA Thn. 2009', 'Jl. SULTAN ALAUDDIN KOMPLEKS PERIKANAN NO 17 MAKASSAR', '08122751888', 'TES PENERIMAAN DI MAKASSAR. HK AD HOC PN AMBON (14-01-21). KEPRES 137/P TAHUN 2020', NULL),
(35, 'SITTI MUSLIMAH BACHRUM, S.Pi., MP.', NULL, '19710605 199703 2 001', 'III/c', 'LIMBUNG', '05 JUNI 1971', 'PEREMPUAN', 'ISLAM', 'Hakim Ad Hoc Perikanan', 'PN AMBON', 'KETUA PROGRAM STUDI PENGOLAAN PELABUHAN PERIKANAN JURUSAN TEKNOLOGI PENANGKAPAN IKAN POLITEKNIK PERTANIAN NEGERI PANGKAJENA KEPULAUAN', NULL, NULL, 'MP. UNIV HASANUDDIN Thn. 2010', 'KOMP. UNHAS BLOK H/18, RT 01 RW 04 KEL TAMALANREA JAYA, KEC. TAMALANREA, KOTA MAKASSAR', '081340238284 imah.bachrum@gmail.com', 'TES PENERIMAAN DI MAKASSAR. HK AD HOC PN AMBON (14-01-21). KEPRES 137/P TAHUN 2020', NULL),
(36, 'AWALUDDIN, S.Pi.', NULL, NULL, NULL, 'UJUNG PANDANG', '19 MARET 1977', 'PRIA', 'ISLAM', 'Hakim Ad Hoc Perikanan', NULL, NULL, NULL, NULL, 'S1 STITEK Balik Diwa Makassar', 'Jl. Propinsi RT 2 - Kel. Lawe-lawe, Kec Penajam, Kab. Penajam Paser Utara', '081242077785 / awal77mks@gmail.com / awal77mks@yahoo.com', 'TES PENERIMAAN DI PT MAKASSAR', 'RANKING 7 DIKLAT'),
(37, 'ASRIADI, S.Kel., M.Si.', NULL, '19780501 200901 1 005', 'III/d', 'WATAMPONE', '1 MEI 1978', 'PRIA', 'ISLAM', 'Hakim Ad Hoc Perikanan', 'PN SORONG', 'BALAI PENGELOLAAN SUMBERDAYA PESISIR DAN LAUT(BPSPL)', 'Dr. SINARDI, ST,. M.Si', '4', 'M.Si. UNIV HASANUDDIN Thn. 2008, S.Kel. UNIV HASANUDDIN Thn. 2003', 'JL. MANGGALA RAYA NO.255 MAKASSAR', 'asrisea@gmail.com asriea@kkp.go.id', 'TES PENERIMAAN DI MA RI. KEPRES NO 128/P TAHUN 2019 (21-11-19). HK AD HOC PN SORONG (04-02-20)', 'MASA JABATAN HABIS NOVEMBER 2024'),
(38, 'HUNTER HOSEN, S.Pi., M.Si.', NULL, '19680207 199803 1 005', 'IV/b', 'PALOPO', '07 PEBRUARI 1968', 'LAKI-LAKI', 'ISLAM', 'Hakim Ad Hoc Perikanan', 'PN SORONG', 'PNS/SEKRETARIS DINAS TENAGA KERJA KOTA PALOPO', 'PNS (ANALISA KEPEGAWAIAN KOTA PALOPO)', '3', 'M.Si UNIV HASANUDDIN Thn. 2009', 'Jl. CAMAR I B 5 NO. 6 RT/RW 02/02 KEL. TEMMALEBBA KEC. BARA PALOPO PRO. SULAWESI SELATAN', '081355141214 hunterhosen88@gmail.com', 'TES PENERIMAAN DI MAKASSAR. HK AD HOC PN SORONG (14-01-21). KEPRES 137/P TAHUN 2020', NULL),
(39, 'ACO HARSANDI, S.H.,M.H.', NULL, '17302/P', NULL, 'UJUNG PANDANG', '15 DESEMBER 1977', 'PRIA', 'ISLAM', 'Hakim Ad Hoc Perikanan', NULL, 'MAYOR LAUT (KH) Kasubdis Kumlater', 'Haripka Ayu, PNS Pemda Kab Barru Sulsel', '4', 'S1 Univ. Muslim 2003, S2 Univ Muslim 2021', 'Jl. Yos Sudarso Komp. TNI AL Dewakang B1 No 73, RT 02/03 Kel. Totaka, Kec. Ujung Tanah, Makassar, Sulsel', NULL, 'TES PENERIMAAN DI PT MAKASSAR', 'RANKING 10 DIKLAT'),
(40, 'UNGGUL SENOAJI, S.H.', NULL, '19661209 199103 1 003', 'III/d', 'BANYUMAS', '9 DESEMBER 1966', 'PRIA', 'ISLAM', 'Hakim Ad Hoc Perikanan', 'PN MERAUKE', 'STASIUN PENGAWASAN SUMBERDAYA KELAUTAN DAN PERIKANAN CILACAP', NULL, NULL, 'SH SEKOLAH TINGGI HUKUM (IBLAM) Thn. 2007', 'PERUM SOGRA PURI INDAH BLOK C NO.15 TR.2/6 KECAMATAN SUMBANG, KABUPATEN BANYUMAS', 'unggulsenoadji@gmail.com', 'TES PENERIMAAN DI MA RI. KEPRES NO 128/P TAHUN 2019 (21-11-19). HK AD HOC PN MERAUKE (04-02-20)', 'MASA JABATAN HABIS NOVEMBER 2024'),
(41, 'ANTHONY SOEDIARTO, S.H., M.Hum.', NULL, NULL, NULL, 'PATI', '10 DESEMBER 1953', 'LAKI-LAKI', 'KRISTEN', 'Hakim Ad Hoc Perikanan', 'PN MERAUKE', 'PENSIUNAN PNS (JAKSA)', NULL, NULL, 'SH. UNIV JEMBER Thn. 1984 H.Hum IBLAM Thn. 2001', 'KEL. BATURETNO Gg.VIII no. 488 RT. 002/ RW 004', NULL, 'TES PENERIMAAN DI JAKARTA. HK AD HOC PN MARAUKE (14-01-21). KEPRES 137/P TAHUN 2020', 'MENINGGAL'),
(42, 'MURSITO, S.Pi', NULL, NULL, NULL, NULL, NULL, 'PRIA', NULL, 'Hakim Ad Hoc Perikanan', 'PN MEDAN', 'PNS PADA DINAS KELAUTAN DAN PERIKANAN PROP. NAD', NULL, NULL, NULL, NULL, NULL, 'HK AD HOC PN MEDAN (22-09-10)', NULL),
(43, 'IR. ATHANASIUS TRIE PRODJO', NULL, NULL, NULL, 'AMBARAWA', '02 MEI 1955', 'PRIA', 'KATOLIK', 'Hakim Ad Hoc Perikanan', 'PN PONTIANAK', 'DKP KAB. KEBUMEN JA-TENG', 'OCTAVIANA RINI ARTI (IRT)', '4', 'IR. UNDIP TH. 1982', 'WAHYU ASRI SEL.III.D.103, PERUMAHAN WAHYU UTOMO, KEC.NGALIAN KOTA SEMARANG', NULL, 'HK AD HOC PN PONTIANAK (09-10-12), PERPANJANGAN OKT 2017. REFRESHING COACH 2015. PELATIHAN 2016', 'MENINGGAL INFO KASI II'),
(44, 'LUKMAN AMIN, S.Pi., SH., MH', NULL, NULL, NULL, 'GALESONG', '12 JULI 1969', 'PRIA', 'ISLAM', 'Hakim Ad Hoc Perikanan', 'PN AMBON', 'SWASTA', 'ST. SULEHA YASIN, S.Pi., MM (PNS DI SULSEL)', '3', 'S.Pi UNHAS TH. 1994, SH UNIV.SATRIA TH. 2011, MH UNIV. INDONESIA TIMUR TH. 2012', 'JL. PENJERNIHAN BLOK B2 NO. 3 RACING CENTRE MAKASSAR', NULL, 'KEPRES NO. 78/P TAHUN 2010 (20-07-10). HK AD HOC PN TUAL (22-09-10). HK AD HOC PN BITUNG (25-06-14). KEPRES NO. 67/P TAHUN 2015 (30-07-15). HK AD HOC PN AMBON (03-09-15)', 'MENINGGAL 2017 (KEPPRES 113/P TAHUN 2017)'),
(45, 'DR. HARMADI, SH., M. Hum', NULL, NULL, NULL, 'SURABAYA', '10 FEBRUARI 1962', 'PRIA', 'ISLAM', 'Hakim Ad Hoc Perikanan', 'PN TANJUNG PINANG', 'POMAL-LANTAMAL V SURABAYA', 'SUSILOWATI (PNS RSUD DR. SUTOMO SBY)', '3', 'SH UNNAR TH. 2000, M.Hum UNNAR TH. 2002, DR UNIBRAW TH. 2008', 'JL. EDI KASIYANTO NO.15 KOMP. TNI AL KENJERAN SURABAYA', NULL, 'TES PENERIMAAN DI PT JAKARTA. KEPRES NO. 69/P TH. 2012 (30-07-12). HK AD HOC PN TANJUNG PINANG (09-10-12)', 'PEMBERHENTIAN DENGAN HORMAT (KEPPRES 112/P TAHUN 2017)'),
(46, 'RURUK RONTING, S.H., M.H.', NULL, 'NRP. 11814/P', 'LETKOL LAUT (KH)', 'UJUNG PADANG', '22 JULI 1969', 'PRIA', 'KRISTEN', 'Hakim Ad Hoc Perikanan', 'PN RANAI', 'TNI AL', NULL, NULL, 'SH UNIV HASANUDDIN MAKASSAR, MH UGM Thn. 2018', 'CLUSTER TROPICAL GARDEN JL. TG 5 NO.35 GRAND GALAXY CITY JAKA SETIA BEKASI SELATAN JAWA BARAT', 'jrronting@gmail.com', 'TES PENERIMAAN DI MA RI. KEPRES NO 128/P TAHUN 2019 (21-11-19). HK AD HOC PN RANAI (04-02-20)', 'MASA JABATAN HABIS NOVEMBER 2024'),
(47, 'DRS. R. ASMARA JAYA, BSC, MM', NULL, '080028008', 'IV/d', 'TJ. KARANG', '23 APRIL 1953', 'PRIA', 'ISLAM', 'Hakim Ad Hoc Perikanan', 'PN JAKARTA UTARA', 'PNS DKP / WIDYAISWARA', 'GHUSNY FARIDHA, BSc (IRT)', '2', 'UI 1984, MM STIE JAKARTA TH. 2004', 'JL. PLN NO.56 RT 22/06, GANDUL LIMO DEPOK', NULL, 'KASUBDIT PEMASARAN DITJEN P, SDKP 2005. HK AD HOC PN PONTIANAK (21-08-07). HK AD HOC PN JAKARTA UTARA (22-09-10)', 'PEMBERHENTIAN DENGAN HORMAT (KEPPRES NO. 114/P TAHUN 2017)'),
(48, 'DR. IR. MOH. INDAH GINTING, MM', NULL, '080030352', 'IV/e, 01-04-2006', 'KABANJAHE', '15 MARET 1947', 'PRIA', 'ISLAM', 'Hakim Ad Hoc Perikanan', 'PN JAKARTA UTARA', 'DKP PROP. SUMSEL', 'TETIRA YUNUS (WIRAUSAHA)', '3', 'S1 IPB BOGOR 2002, S2 STIE IPWI IN HOUSE LIPI 1997, DOKTOR IPB 2002', 'JL. CEMPAKA MAS TENGAH BLOK L NO. 39 RUKO CEMPAKA MAS JAKPUS, RAWA BADAK UTARA JAKUT', NULL, 'KADIS KELAUTAN & PERIKANAN PROPINSI SUMSEL (1999-2004). HK AD HOC PN MEDAN (21-08-07). HK AD HOC PN JAKARTA UTARA (25-05-12)', 'PEMBERHENTIAN DENGAN HORMAT (KEPPRES NO. 114/P TAHUN 2017)'),
(49, 'IR. JOKO MARTOYO, SM.,MM', NULL, '080048737', 'IV/d', 'BOYOLALI', '28 JULI 1955', 'PRIA', 'ISLAM', 'Hakim Ad Hoc Perikanan', 'PN JAKARTA UTARA', 'PNS DKP (KASUBDIT)', 'SULISTIYOWATI, SH (PNS)', '3', 'S1 UNDIP SEMARANG 1982, MM IPWIJA TH. 1997', 'KOMP. HANKAM/MABES TNI KELAPA DUA, JL. DAHLIA NO.19 RT 07/02 PASIR GUNUNG SELATAN, CIMANGGIS DEPOK', NULL, 'KASUBDIT PENGAWASAN & PENGENDALIAN PENANGKAPAN IKAN WIL I (2005). HK AD HOC PN PONTIANAK (21-08-07). HK AD HOC PN JAKARTA UTARA (25-05-12)', 'PEMBERHENTIAN DENGAN HORMAT (KEPPRES NO. 114/P TAHUN 2017)'),
(50, 'ARMYN RUSTAM EFFENDY, SH, MH', NULL, NULL, NULL, 'SURABAYA', '27 JANUARI 1958', 'PRIA', 'ISLAM', 'Hakim Ad Hoc Perikanan', 'PN JAKARTA UTARA', 'ADVOKAT & MANAGER PT BEST SECURITY', 'DYAH AGUSTYARINI, SE (PNS DITJEND BEA DAN CUKAI)', '1', 'S1 UNV JEMBER 1983, MH UI TH. 2013', 'Komp. BEA CUKAI NO. 11 CIRENDEU-LEBAK BULUS, JAK-SEL', NULL, 'ADVOKAT & BANTUAN HUKUM & MANAGER SECURITY PT BEST (2000-). HK AD HOC PN TUAL (21-08-07). HK AD HOC PN JAKARTA UTARA (25-05-12)', 'PEMBERHENTIAN DENGAN HORMAT (KEPPRES NO. 114/P TAHUN 2017)'),
(51, 'IR. H. ZAKARIA', NULL, '19601129 198903 1 006', 'IV/d', 'PINRANG', '29 NOVEMBER 1960', 'PRIA', 'ISLAM', 'Hakim Ad Hoc Perikanan', 'PN JAKARTA UTARA', 'KEPALA DINAS DPK PROV. SULBAR', 'HJ. DARMAWATI', '2', 'IR UNHAS TH. 1987', 'JL. SWASEMBADA BARAT V NO.19B KEBON BAWANG, TG. PRIOK JAKARTA UTARA', NULL, 'HK AD HOC PN TUAL (21-08-07). HK AD HOC PN JAKARTA UTARA (25-05-12)', 'PEMBERHENTIAN DENGAN HORMAT (KEPPRES NO. 114/P TAHUN 2017)'),
(52, 'ZULKIFLI ISHAK, A.Pi', NULL, NULL, NULL, 'KOTABUMI', '20 NOVEMBER 1951', 'PRIA', 'ISLAM', 'Hakim Ad Hoc Perikanan', 'PN JAKARTA UTARA', 'KASUBDIN PRASARANA DAN PENGEMBANGAN DKP PROP. LAMPUNG', 'HJ. Dra. IRAWATIE, RM (PENSIUNAN)', '3', 'D-4 ST PERIKANAN JAKARTA TH. 1987', 'JL. PERINTIS KEMERDEKAAN NO.112 RT 003/01, KEL. TG.RAYA KEC. TG. KARANG, BANDAR LAMPUNG', NULL, 'HK AD HOC PN PONTIANAK (21-08-07). HK AD HOC PN BITUNG (22-09-10). HK AD HOC PN JAKARTA UTARA (25-06-14)', 'PEMBERHENTIAN DENGAN HORMAT (KEPPRES NO. 114/P TAHUN 2017)'),
(53, 'DONNY HARSO, SIP, MARSMA TNI (PURN)', NULL, NULL, NULL, 'MALANG', '12 DESEMBER 1942', 'PRIA', 'KRISTEN PROTESTAN', 'Hakim Ad Hoc Perikanan', 'PN JAKARTA UTARA', 'TNI AL (PURN)', 'KEN HARTATI HARSO', NULL, 'AAL TH. 1967, UNV. TERBUKA 1996', 'JL. JATI RY BARAT NO.68 PANGKALAN JATI, PONDOK LABU JAKSEL 12450', NULL, 'MABESAL /SPAM KASAL (01-08-02). HK AD HOC PN JAKARTA UTARA (21-08-07). HK AD HOC PN TUAL (25-05-12). HK AD HOC PN JAKARTA UTARA (25-06-14)', 'PEMBERHENTIAN DENGAN HORMAT (KEPPRES NO. 114/P TAHUN 2017)'),
(54, 'HJ. SUMIHATI, SH', NULL, '080020529', NULL, 'NGAWI MADIUN', '06 JUNI 1946', 'PEREMPUAN', 'ISLAM', 'Hakim Ad Hoc Perikanan', 'PN JAKARTA UTARA', 'PENSIUNAN DITJEN PERIKANAN', 'DRS. SETYA HARIYANA (PENSIUN)', '-', 'SH UGM TH. 1971', 'JL. SRENGSENG SAWAH NO.25 RT/RW 001/09, KEL. SRENGSENG SWH JAGAKARSA JAKSEL', NULL, 'KA PUSAT PENGEMBANGAN APARATUR KELAUTAN & PERIKANAN (09-08-05). HK AD HOC PN JAKARTA UTARA (21-08-07). HK AD HOC PN TUAL (25-05-12). HK AD HOC PN JAKARTA UTARA (13-04-15)', 'PEMBERHENTIAN DENGAN HORMAT (KEPPRES NO. 114/P TAHUN 2017)'),
(55, 'DRA. NINIEK SUWARNI', NULL, NULL, NULL, 'TG. KARANG', '02 DESEMBER 1952', 'WANITA', 'ISLAM', 'Hakim Ad Hoc Perikanan', 'PN JAKARTA UTARA', 'KASUBDIT OBAT IKAN DAN KIMIA DKP', 'HARIYANTO, SE (PENSIUN)', '1', 'DRA. UNSOED TH. 1980', 'KOMP. PELNI BLOK A6 No. 9 RT 03/19 BAKTI JAYA, SUKMA JAYA DEPOK', NULL, 'HK AD HOC PN JAKARTA UTARA (21-08-07). HK AD HOC PN TUAL (25-05-12). HK AD HOC PN JAKARTA UTARA (25-11-15)', 'PEMBERHENTIAN DENGAN HORMAT (KEPPRES NO. 114/P TAHUN 2017)'),
(56, 'DARJONO ABADI, SH', NULL, NULL, NULL, 'JAKARTA', '13 NOVEMBER 1965', 'PRIA', 'KATHOLIK', 'Hakim Ad Hoc Perikanan', 'PN TANJUNG PINANG', 'KARYAWAN SWASTA BIDANG PERIKANAN', 'ERRY THERESIA, SH., MH (AD HOC PN TANJUNG PINANG)', '1', 'S1 UNTAG 45 JKT 2002', 'JL. P. JAYAKARTA 69 RT 002/RW 02 PINANGSIA, TAMAN SARI, JAKARTA BARAT', NULL, 'WIRASWASTA (2000-). HK AD HOC PN TUAL (21-08-07). HK AD HOC PN TANJUNG PINANG (22-09-10)', 'PEMBERHENTIAN DENGAN HORMAT (KEPPRES NO. 114/P TAHUN 2017)'),
(57, 'IR. AHMAD SYIRFANI, SH, MM', NULL, '080071862 / 19590723 198503 1 006', 'IV/c', 'BANJARMASIN', '23 JULI 1959', 'PRIA', 'ISLAM', 'Hakim Ad Hoc Perikanan', 'PN TANJUNG PINANG', 'KASUBDIT DEPT PERIKANAN DAN KELAUTAN', 'HARDIATY AGUSTINI (IRT)', '2', 'IR. IPB TH. 1983, SH IPWI TH. 1997, MM IBLAM TH. 2007', 'JL. KENANGA V NO. 20 PERUM ASTIRI PERMAI, BOGOR', NULL, 'KASEKSI BIMBINGAN BUDIDAYA LAUT DEPTAN (04-04-94). HK AD HOC PN BITUNG (21-08-07). HK AD HOC PN TANJUNG PINANG (22-09-10)', 'PEMBERHENTIAN DENGAN HORMAT (KEPPRES NO. 114/P TAHUN 2017)'),
(58, 'IR. THOMAS WATSON KELIAT, M.Ed', NULL, NULL, NULL, 'BUKUM (SIBOLANGIT)', '17 DESEMBER 1955', 'PRIA', 'KRISTEN', 'Hakim Ad Hoc Perikanan', 'PN TANJUNG PINANG', 'KEPALA BALAI DIKLAT PERIKANAN BELAWAN', 'RUMINA, SPd (PNS GURU SMP DI MEDAN)', '4', 'IR IPB BOGOR TH. 1981, M.Ed SHSU, TEXAS, USA TH. 1985', 'JL. LINGKUNGAN IX - B/25 KEL. PEKAN LABUHAN, KEC. MEDAN LABUHAN, MEDAN', NULL, 'HK AD HOC PN MEDAN (21-08-07). HK AD HOC PN BITUNG (25-05-12). HK AD HOC PN TANJUNG PINANG (25-06-14)', 'PEMBERHENTIAN DENGAN HORMAT (KEPPRES NO. 114/P TAHUN 2017)'),
(59, 'MEISON AZIZ, SE., S.H', NULL, '19590504 198612 1 001', 'IV/b', 'PALEMBANG', '04 MEI 1959', 'PRIA', 'ISLAM', 'Hakim Ad Hoc Perikanan', 'PN RANAI', 'PNS DPK SUMSEL', 'NURLENA, SH (JAKSA KEJATI SUMSEL)', '4', 'SE TH. 1986, SH TH. 2009', 'KOMP. SANGKURIANG BLOK W NO.1&2 SAKO KENTEN, PALEMBANG', NULL, 'HK AD HOC PN TUAL (21-08-07). HK AD HOC PN RANAI (25-05-12)', 'PEMBERHENTIAN DENGAN HORMAT (KEPPRES NO. 114/P TAHUN 2017)'),
(60, 'IR. M. AGUS SUTRIYO, SH', NULL, NULL, NULL, 'TEGAL', '22 MARET 1953', 'PRIA', 'ISLAM', 'Hakim Ad Hoc Perikanan', 'PN PONTIANAK', 'PENGAWAS PERIKANAN BENIH, DINAS PK KOTA BANDAR LAMPUNG', 'Ir. DWI HARDJANTI (PENSIUNAN)', '5', 'IR. UNDIP TH. 1980, SH UKIT TH. 2012', 'JL. NIRWANA SARI RAYA 28 KEL. TEMBALANG KEC. TEMBALANG, SEMARANG SELATAN, SEMARANG', NULL, 'HK AD HOC PN BITUNG (21-08-07). HK AD HOC PN PONTIANAK (25-05-12)', 'PEMBERHENTIAN DENGAN HORMAT (KEPPRES NO. 114/P TAHUN 2017)'),
(61, 'DRS. SESARIUS GINTING, SH', NULL, NULL, NULL, 'MUNTE (SUMUT)', '15 MEI 1951', 'PRIA', 'KATOLIK', 'Hakim Ad Hoc Perikanan', 'PN PONTIANAK', 'PELAKSANA PADA DIT. USAHA DAN INVESTASI DKP', 'ROSTIANA SEBAYANG (SWASTA)', '4', 'DRS UNTAG TH. 1982, SH UKIT TOMOHON TH. 2010', 'JL. JAMIN NO.57 RT 01/09 KEL. LUBANG BUAYA, CIPAYUNG, JAKTIM', NULL, 'HK AD HOC PN BITUNG (21-08-07). HK AD HOC PN PONTIANAK (25-05-12)', 'PEMBERHENTIAN DENGAN HORMAT (KEPPRES NO. 114/P TAHUN 2017)'),
(62, 'IR. MAHYUL ASRI, M.Si', NULL, '080047257', NULL, 'PD. PANJANG', '07 JULI 1955', 'PRIA', 'ISLAM', 'Hakim Ad Hoc Perikanan', 'PN BITUNG', 'DINAS KEMENTRIAN PERIKANAN KOTA BITUNG', 'MULYANI SPd (PNS GURU)', '2', 'Ir. UNV MEDAN AREA 1986, Msi UNV.ANDALAS 2000', 'JL PRAMUKA II NO. 3 PADANG', NULL, 'BAPPEDA KOTA PADANG (2006). HK AD HOC PN MEDAN (21-08-07). HK AD HOC PN BITUNG (25-05-12)', 'PEMBERHENTIAN DENGAN HORMAT (KEPPRES NO. 114/P TAHUN 2017)'),
(63, 'IR. DRS. SOEHARTONO, MM', NULL, NULL, NULL, 'YOGYAKARTA', '07 AGUSTUS 1951', 'PRIA', 'ISLAM', 'Hakim Ad Hoc Perikanan', 'PN TUAL', 'PNS DITJEN PERIKANAN', 'M.I SEKUNDARINI (IRT)', '3', 'UNDIP SEMARANG 1983, MM STIE JKT 2000', 'JL. TERATAI I A III NO. 3 TAMAN DUTA, SUKMAJAYA KOTA DEPOK', NULL, 'KABAG HUKUM ORG.& HUMAS (09-08-05). HK AD HOC PN JAKARTA UTARA (21-08-07). HK AD HOC PN TUAL (25-05-12)', 'PEMBERHENTIAN DENGAN HORMAT (KEPPRES NO. 114/P TAHUN 2017)'),
(64, 'IR. TAKHWIN OESMAN, CES', NULL, NULL, NULL, 'BENGKULU', '01 JANUARI 1950', 'PRIA', 'ISLAM', 'Hakim Ad Hoc Perikanan', 'PN TUAL', 'PENSIUNAN PNS DKP', 'RINI LESTARI (IRT)', '3', 'IR. ITB TH. 1979., CES UNTPE PERANCIS TH. 1987', 'JL. NUSANTARA RAYA 158, KEL. BEJI, KEC. BEJI, DEPOK', NULL, 'HK AD HOC PN JAKARTA UTARA (21-08-07). HK AD HOC PN TUAL (25-05-12)', 'PEMBERHENTIAN DENGAN HORMAT (KEPPRES NO. 114/P TAHUN 2017)'),
(65, 'IR. RUSLAN', NULL, '19650410 199403 1 008', NULL, 'PANRENG (SIDRAP)', '10 APRIL 1965', 'PRIA', 'ISLAM', 'Hakim Ad Hoc Perikanan', 'PN SORONG', 'KASI BUDIDAYA LAUT/PAYAU DPK PROV. SULBAR', 'Dra. A. SURYANI (PNS PEMKOT MAKASSAR)', '3', 'IR. UNHAS TH. 1989, MM UMI MAKASSAR TH. 2010', 'JL. GUNUNG NONA NO.7A MAKASSAR, SULSEL.', NULL, 'HK AD HOC PN TUAL (21-08-07). HK AD HOC PN RANAI (25-05-12). HK AD HOC PN SORONG (18-12-14)', 'PEMBERHENTIAN DENGAN HORMAT (KEPPRES NO. 114/P TAHUN 2017)'),
(66, 'IR. H. M. IDRIS YASSIEN', NULL, NULL, 'IV/a', 'GORONTALO', '16 JULI 1954', 'PRIA', 'ISLAM', 'Hakim Ad Hoc Perikanan', 'PN MERAUKE', 'KASI PEMANTAUAN DITJEN P2SDKP', 'MASITA KARIM (IRT)', '3', NULL, 'GRIYA LEMBAH DEPOK BLOK CI/17 DEPOK', NULL, 'HK AD HOC PN BITUNG (21-08-07). HK AD HOC PN RANAI (29-09-11). HK AD HOC PN MERAUKE (27-04-15)', 'PEMBERHENTIAN DENGAN HORMAT (KEPPRES NO. 114/P TAHUN 2017)'),
(67, 'IMAM SUBECHI, MBA', NULL, NULL, NULL, 'PURBOLINGGO', '18 MARET 1952', 'PRIA', 'ISLAM', 'Hakim Ad Hoc Perikanan', 'PN BITUNG', 'BANK BNI', NULL, NULL, 'SE UI 1980, MBA DENVER USA 1986', NULL, NULL, 'HK AD HOC PN BITUNG (21-08-07)', 'MUNDUR KRN SAKIT/BLM PERNAH DI LANTIK'),
(68, 'IR. ANTON KERSAH KARSIN', NULL, NULL, NULL, 'TASIKMALAYA', '15 JULI 1947', 'PRIA', NULL, 'Hakim Ad Hoc Perikanan', 'PN BITUNG', 'KEPALA PELABUHAN PERIKANAN SAMUDERA BELAWAN', NULL, NULL, 'UNBRAW MALANG 1976, S2 STIE GANESHA JKT 2001', NULL, NULL, 'HK AD HOC PN BITUNG (21-08-07)', 'MUNDUR'),
(69, 'IR. H. PATHUL ARIFIN, MP', NULL, '131472163', 'IV/a', 'MARTAPURA', '26 JUNI 1956', 'PRIA', 'ISLAM', 'Hakim Ad Hoc Perikanan', 'PN PONTIANAK', 'KETUA PROGRAM STUDI MANAJEMEN SUMBERDAYA PERAIRAN FAKULTAS PERIKANAN UNLAM', NULL, NULL, 'S1 UNVLAMBUNG MANGKURAT 1984, MP. UNBRAW 1995', NULL, NULL, 'HK AD HOC PN PONTIANAK (21-08-07)', 'MUNDUR'),
(70, 'DRS. WERHAN ASMIN, SH.,MH', NULL, NULL, NULL, 'SAMPIT', '30 MEI 1961', 'PRIA', 'KRISTEN', 'Hakim Ad Hoc Perikanan', 'PN PONTIANAK', 'KONSULTAN HUKUM & DOSEN UNLAM', NULL, NULL, 'DRS. FKIP UNV ISLAM KALIMANTAN 1986, MH UNV LAMBUNG MANGKURAT 2003', NULL, NULL, 'HK AD HOC PN PONTIANAK (21-08-07)', 'TDK PERNAH AKTIF SEJAK MUTASI KE PN RANAI'),
(71, 'IR. S.M. PARLINDUNGAN HUTABARAT, MH', NULL, '080030174', 'IV/d', 'PEMATANG SIANTAR', '14 JULI 1945', 'PRIA', 'KRISTEN', 'Hakim Ad Hoc Perikanan', 'PN MEDAN', 'DIREKTUR SARANA & PRASARANA PENGAWASAN (DKP)', NULL, NULL, 'S1 UNBRAW MALANG 1976, S2 UNTAG JKT 2004', 'JL. ANGGREK NO.50 RAWAMANGUN JAKTIM', NULL, 'HK AD HOC PN MEDAN (21-08-07)', 'MUNDUR'),
(72, 'IR. TEDJO SUKMONO, A.Pi., M.Si', NULL, NULL, NULL, NULL, NULL, 'PRIA', NULL, 'Hakim Ad Hoc Perikanan', 'PN RANAI', 'PNS (DOSEN) PADA UNIV BUNG HATTA PADANG', NULL, NULL, NULL, NULL, NULL, 'HK AD HOC PN RANAI (22-09-10)', NULL),
(73, 'JOHAN ERWIN ISHARYANTO, SH., M.H', NULL, NULL, NULL, NULL, NULL, 'PRIA', NULL, 'Hakim Ad Hoc Perikanan', 'PN BITUNG', 'DOSEN UNIVERSITAS MUHAMMADIYAH YOGYAKARTA', NULL, NULL, NULL, NULL, NULL, 'HK AD HOC PN BITUNG (22-09-10)', NULL),
(74, 'DRS. MARUDUT HUTAJULU, SH, M.M', NULL, NULL, NULL, 'PARMONANGAN', '16 APRIL 1965', 'PRIA', 'KRISTEN', 'Hakim Ad Hoc Perikanan', 'PN MEDAN', 'ADVOKAT/ANGGOTA PANWASLU DKI JAKARTA', 'GUSTARIA SIREGAR (PNS TNI-AL)', '1', 'SH USU MEDAN TH. 1989, MH USU TH. 2013, STHI TH. 1993, IPWIJA TH. 1997', 'JL. TEGUH X NO.8 KOMP. TNI AL SUNTER KODAMAR, KELAPA GADING', NULL, 'KEPRES NO. 78/P TAHUN 2010 (20-07-10). HK AD HOC PN MEDAN (22-09-10). PERPANJANGAN SEPT 2015', 'HABIS MASA JABATAN 2020'),
(75, 'M. JONI KEMRI, S.Pi', NULL, '196908172001121004', 'III/d', 'RANTAU PRAPAT', '17 AGUSTUS 1969', 'PRIA', 'ISLAM', 'Hakim Ad Hoc Perikanan', 'PN MEDAN', 'PNS BAPEDA KOTA TJ. BALAI', 'REFLINA BR LUBIS (IRT)', '3', 'S.Pi TH. 1984', 'JL. RAWA NO. 261 MEDAN', NULL, 'KEPRES NO. 78/P TAHUN 2010 (20-07-10). HK AD HOC PN MEDAN (22-09-10). PERPANJANGAN SEPT 2015', 'HABIS MASA JABATAN 2020'),
(76, 'JUNUN, SH., M.Si', NULL, NULL, NULL, 'PEMALANG', '15 APRIL 1957', 'PRIA', 'ISLAM', 'Hakim Ad Hoc Perikanan', 'PN MEDAN', 'PNS PADA BALAI PENDIDIKAN DAN PELATIHAN PERIKANAN BANYUWANGI', 'SRI ENDAH WAHYU NINGSIH, S.Pd (GURU)', '3', 'M.Si WIJAYA PUTRA TH. 2008', 'JL. TRUNOJOYO AL-HILAL NO.46 E BANYUWANGI', NULL, 'KEPRES NO. 78/P TAHUN 2010 (20-07-10). HK AD HOC PN MEDAN (22-09-10). PERPANJANGAN SEPT 2015', 'HABIS MASA JABATAN 2020'),
(77, 'IR. HAMZAH LUBIS, SH., M.Si', NULL, NULL, NULL, 'GUNUNG TUA', '01 JANUARI 1962', 'PRIA', 'ISLAM', 'Hakim Ad Hoc Perikanan', 'PN MEDAN', 'DOSEN NON PNS PADA INSTITUT TEKNOLOGI MEDAN', 'Dra. ELANAWATI (GURU SMUN 7 MEDAN)', '4', 'UNIV SUMATERA UTARA 2013', 'JL. BERSAMA Gg. SAWIT NO. 7 KEC BANTAN MEDAN', NULL, 'KEPRES NO. 78/P TAHUN 2010 (20-07-10). HK AD HOC PN RANAI (22-09-10). HK AD HOC PN MEDAN (25-06-14). PERPANJANGAN SEPT 2015', 'HABIS MASA JABATAN 2020'),
(78, 'DRS. IMAM BUSTAN PRAMUDYA EDI, M.Si', NULL, '19601219 199303 1 001', 'IV/b', 'TG. BALAI ASAHAN', '19 DESEMBER 1960', 'PRIA', 'ISLAM', 'Hakim Ad Hoc Perikanan', 'PN TANJUNG PINANG', 'PNS PADA PELABUHAN PERIKANAN SAMUDRA CILACAP', 'SRI HERMININGSIH (PENSIUN)', '2', 'M.Si UNDIP TH. 2006', 'CLUSTER HANG LEKIR RESIDENCE BLOK L-8 TANJUNG PINANG, KM. 9 KEPRI', NULL, 'KEPRES NO. 78/P TAHUN 2010 (20-07-10). HK AD HOC PN TANJUNG PINANG (22-09-10). PERPANJANGAN SEPT 2015', 'HABIS MASA JABATAN 2020'),
(79, 'H. AGUS SUSANTO DPN., SH., M.H.', NULL, NULL, NULL, 'JAKARTA', '02 APRIL 1959', 'PRIA', 'ISLAM', 'Hakim Ad Hoc Perikanan', 'PN TANJUNG PINANG', 'ADVOKAT/KONSULTAN HUKUM', 'IR. ASMANIAH A.S. (PNS)', '2', 'MH UNIV. JAYABAYA TH. 2005', 'KOMP. ASTIRI PERMAI JL. SEDAP MALAM III/29 RT 001/012, KEL. RAGAJAYA KEC. BOJONG GEDE BOGOR', NULL, 'KEPRES NO. 78/P TAHUN 2010 (20-07-10). HK AD HOC PN TANJUNG PINANG (22-09-10). PERPANJANGAN SEPT 2015', 'HABIS MASA JABATAN 2020'),
(80, 'IR. WISAKSONO', NULL, '080100467', 'IV/b', 'MADIUN', '24 JULI 1955', 'PRIA', 'ISLAM', 'Hakim Ad Hoc Perikanan', 'PN TANJUNG PINANG', 'PENSIUN DINAS PERIKANAN & KELAUTAN PEMDA DKI', 'Dra. DINAR PENY I. (PNS GURU)', '3', 'IR UNDIP TH. 1986', 'JL. BUNGA RAMPAI V/4/92, MALAKA JAYA, DUREN SAWIT, JAKARTA TIMUR', NULL, 'KEPRES NO. 78/P TAHUN 2010 (20-07-10). HK AD HOC PN TANJUNG PINANG (22-09-10). PERPANJANGAN SEPT 2015', 'HABIS MASA JABATAN 2020'),
(81, 'IR. SYAFRIYULIS, MM', NULL, '19580403 198603 1 014', 'IV/d', 'BATUSANGKAR', '03 APRIL 1958', 'PRIA', 'ISLAM', 'Hakim Ad Hoc Perikanan', 'PN TANJUNG PINANG', 'PNS KEPALA DINAS KELAUTAN DAN PERIKANAN KAB. OKI SUMSEL', 'YUNANI (IRT)', '3', 'IR. UNIV. RIAU TH. 1984, MM STIE BODHI ISWARA TH. 2001', 'JL BERAKIT NO.5 RT04/08 KEL. SEI JANG, KEC. BUKIT BESTARI, TG. PINANG', NULL, 'KEPRES NO. 78/P TAHUN 2010 (20-07-10). HK AD HOC PN TANJUNG PINANG (22-09-10). PERPANJANGAN SEPT 2015', 'HABIS MASA JABATAN 2020'),
(82, 'ERRY THERESIA, SH., MH', NULL, NULL, NULL, 'JAKARTA', '17 OKTOBER 1969', 'PRIA', 'KATOLIK', 'Hakim Ad Hoc Perikanan', 'PN TANJUNG PINANG', 'SWASTA', 'DARJONO ABADI, SH (AD HOC PN TANJUNG PINANG)', '1', 'SH UNIV. BUNG KARNO, MH UNTAG JAKARTA', 'JL. P. JAYAKARTA 69 RT 002/RW 02 PINANGSIA, TAMAN SARI, JAKARTA BARAT', NULL, 'KEPRES NO. 78/P TAHUN 2010 (20-07-10). HK AD HOC PN TANJUNG PINANG (22-09-10). PERPANJANGAN SEPT 2015', 'HABIS MASA JABATAN 2020'),
(83, 'SUGENG SULISTIAWAN, SH', NULL, '19590209 198603 1 015', 'IV/a', 'MADIUN', '09 FEBRUARI 1959', 'PRIA', 'ISLAM', 'Hakim Ad Hoc Perikanan', 'PN RANAI', 'PNS PADA DINAS KELAUTAN DAN PERIKANAN KAB. PASURUAN', 'SRI SAPTA SIWI FAJAR SASI, S.Pd. (Guru SMP Negri)', '3', 'SH UNIV AIRLANGGA SBY TH. 1984', 'PONDOK SEKAR INDAH I BLOK G.06 RT 02/06, KEL. SEKAR SADUNG, PASURUAN', NULL, 'KEPRES NO. 78/P TAHUN 2010 (20-07-10). HK AD HOC PN RANAI (22-09-10). PERPANJANGAN SEPT 2015', 'HABIS MASA JABATAN 2020'),
(84, 'IR. A. WIDIMARIANTO', NULL, NULL, NULL, 'SEMARANG', '31 AGUSTUS 1955', 'PRIA', 'KATOLIK', 'Hakim Ad Hoc Perikanan', 'PN PONTIANAK', 'PNS BADAN KETAHANAN PANGAN PROVINSI LAMPUNG', 'Ir. YFA. MARIASTUTI (PNS)', '3', 'IR. UNDIP TH. 1981', 'JL. ALAM FLORA NO.2, WAY HALIM BANDAR, LAMPUNG', NULL, 'KEPRES NO. 78/P TAHUN 2010 (20-07-10). HK AD HOC PN PONTIANAK (22-09-10). PERPANJANGAN SEPT 2015', 'HABIS MASA JABATAN 2020'),
(85, 'JOKO TRIBOWO, S.Pi', NULL, NULL, NULL, 'SURABAYA', '11 SEPTEMBER 1966', 'PRIA', 'ISLAM', 'Hakim Ad Hoc Perikanan', 'PN PONTIANAK', 'SWASTA BIDANG PERIKANAN', 'NISA FARRA MEIRIAH (IRT)', '3', 'S.Pi UNDIP TH. 1994', 'KAMPUNG HARMONI C 5, SEMARANG', NULL, 'KEPRES NO. 78/P TAHUN 2010 (20-07-10). HK AD HOC PN PONTIANAK (22-09-10). PERPANJANGAN SEPT 2015', 'HABIS MASA JABATAN 2020'),
(86, 'SUHARMAN, SH., M.M', NULL, NULL, NULL, 'JAMBI', '15 MARET 1954', 'PRIA', 'ISLAM', 'Hakim Ad Hoc Perikanan', 'PN PONTIANAK', 'PNS PADA PELABUHAN PERIKANAN SAMUDRA CILACAP', 'SUWARNI (IRT)', '5', 'SH STIH PERTIBA TH. 1989, MM STIE MITRA YOGYA TH. 2002', 'JL KAYUMANIS 8, RT.005/RW.008, MATRAMAN, JAKARTA TIMUR.', NULL, 'KEPRES NO. 78/P TAHUN 2010 (20-07-10). HK AD HOC PN PONTIANAK (22-09-10). PERPANJANGAN SEPT 2015', 'HABIS MASA JABATAN 2020'),
(87, 'IR. TATANG SETIAWAN', NULL, NULL, NULL, 'BANDUNG', '22 MEI 1962', 'PRIA', 'ISLAM', 'Hakim Ad Hoc Perikanan', 'PN PONTIANAK', 'SWASTA', 'IIS WIDASARI (IRT)', '2', 'IR UNPAD TH. 1990', 'JLN. PANGIPASAN, GG. SABILULUNGAN VII NO. 54, RT.04/RW.10. DESA PEMEKARAN SOREANG, KAB.BANDUNG 40912', NULL, 'KEPRES NO. 78/P TAHUN 2010 (20-07-10). HK AD HOC PN PONTIANAK (22-09-10). PERPANJANGAN SEPT 2015', 'HABIS MASA JABATAN 2020'),
(88, 'DRS. HABSON BATUBARA, MP', NULL, '19630819 199803 1 001', 'IV/b', 'PADANG SIDEMPUAN', '19 AGUSTUS 1963', 'PRIA', 'ISLAM', 'Hakim Ad Hoc Perikanan', 'PN BITUNG', 'PNS PADA BALAI BUDIDAYA AIR PAYAU TAKALAR', 'IR. SRI MULYATI (PNS PEMKOT BITUNG)', '1', 'DRS. UNSOED, MP UNHAS', 'MOMPANGJAE PANYABUNGAN UTARA MANDAILING NATAL, SUMATRA UTARA', NULL, 'KEPRES NO. 78/P TAHUN 2010 (20-07-10). HK AD HOC PN BITUNG (22-09-10). PERPANJANGAN SEPT 2015', 'HABIS MASA JABATAN 2020'),
(89, 'joni si playboy', NULL, '', '', '', '', 'PRIA', '', 'Hakim Ad Hoc Perikanan', '', '', '', '', '', '', '', '', '');

-- --------------------------------------------------------

--
-- Table structure for table `hakim_perikanan`
--

CREATE TABLE `hakim_perikanan` (
  `id` int(11) NOT NULL,
  `nama_hakim` varchar(255) NOT NULL,
  `nik` varchar(50) DEFAULT NULL,
  `foto` varchar(255) DEFAULT NULL,
  `id_pengadilan` int(11) NOT NULL,
  `asal_org` varchar(255) DEFAULT NULL,
  `jabatan` varchar(100) DEFAULT NULL,
  `kepres` varchar(255) DEFAULT NULL,
  `tgl_kepres` date DEFAULT NULL,
  `sk_dirjen` varchar(255) DEFAULT NULL,
  `tgl_sk_dirjen` date DEFAULT NULL,
  `masa_jabatan` varchar(50) DEFAULT NULL,
  `status_perpanjangan` varchar(255) DEFAULT NULL,
  `tanggal_habis` date DEFAULT NULL,
  `tmt_pn` date DEFAULT NULL,
  `tmt_hk` date DEFAULT NULL,
  `sk_pengangkatan_2` varchar(255) DEFAULT NULL,
  `tgl_sk_pengangkatan_2` date DEFAULT NULL
) ENGINE=InnoDB DEFAULT CHARSET=utf8mb4 COLLATE=utf8mb4_general_ci;

--
-- Dumping data for table `hakim_perikanan`
--

INSERT INTO `hakim_perikanan` (`id`, `nama_hakim`, `nik`, `foto`, `id_pengadilan`, `asal_org`, `jabatan`, `kepres`, `tgl_kepres`, `sk_dirjen`, `tgl_sk_dirjen`, `masa_jabatan`, `status_perpanjangan`, `tanggal_habis`, `tmt_pn`, `tmt_hk`, `sk_pengangkatan_2`, `tgl_sk_pengangkatan_2`) VALUES
(1, 'Hendra Adi Pramono, S.H., M.H.', '3578090810760004', 'sq.png', 3, 'PUSDIKPOMAL KODIKDUKUM KODIKLATAL', 'AD HOC PERIKANAN', 'KEPRES NO 128/P TAHUN 2019', '2019-11-21', '17/KMA/SK/II/2020', '2020-02-04', '2X', 'Perpanjangan 2x habis 17 Januari 2030', '2030-01-17', '2020-01-17', '2020-01-17', NULL, NULL),
(2, 'Warsita, S.H.', '3515082010720008', NULL, 3, NULL, 'AD HOC PERIKANAN', '96/P Tahun 2022', '2022-09-12', '326/KMA/SK/XI/2022', '2022-11-11', '2X', 'Perpanjangan 2x habis 11 November 2032', '2032-11-11', NULL, '2022-11-11', NULL, NULL),
(3, 'Ir. Arnofi', '1371082911630002', NULL, 3, NULL, 'AD HOC PERIKANAN', '96/P Tahun 2022', '2022-09-12', '326/KMA/SK/XI/2022', '2022-11-11', '2X', 'Perpanjangan 2x habis 11 November 2032', '2032-11-11', '2022-11-11', '2022-11-11', NULL, NULL),
(4, 'Sugeng Widodo, S.H.,.', '3515070202640005', NULL, 4, 'TNI AL', 'AD HOC PERIKANAN', 'KEPRES NO 128/P TAHUN 2019', '2019-11-21', '17/KMA/SK/II/2020', '2020-02-04', '2X', 'Perpanjangan 2x habis 17 Januari 2030', '2030-01-17', '2020-01-17', '2020-01-17', NULL, NULL),
(5, 'Ir Robert Napitupulu, S.H.,MSc,.', '1271172509620001', NULL, 4, 'DINAS KELAUTAN DAN PERIKANAN', 'AD HOC PERIKANAN', 'KEPRES NO 128/P TAHUN 2019', '2019-11-21', '17/KMA/SK/II/2020', '2020-02-04', '2X', 'Perpanjangan 2x habis 17 Januari 2030', '2030-01-17', '2020-01-17', '2020-01-17', NULL, NULL),
(6, 'Soniady Drajat Sadarisman, S.H., M.H.', '3273162705690002', NULL, 4, NULL, 'AD HOC PERIKANAN', 'KEPRES NO 137/P TAHUN 2020', '2020-12-30', '04/KMA/SK/I/2021', '2021-01-14', '2X', 'Perpanjangan 2x habis 14 Januari 2031', '2031-01-14', '2021-01-14', '2021-01-14', NULL, NULL),
(7, 'Ir. Raja Pasaribu, M.Sc.', '3275022202600015', NULL, 4, NULL, 'AD HOC PERIKANAN', 'KEPRES NO 137/P TAHUN 2020', '2020-12-30', '04/KMA/SK/I/2021', '2021-01-14', '2X', 'Perpanjangan 2x habis 14 Januari 2031', '2031-01-14', '2021-01-14', '2021-01-14', NULL, NULL),
(8, 'Syaiful Anam, S.H., M.H.', '3578183101760001', NULL, 4, NULL, 'AD HOC PERIKANAN', 'KEPRES NO 137/P TAHUN 2020', '2020-12-30', '04/KMA/SK/I/2021', '2021-01-14', '2X', 'Perpanjangan 2x habis 14 Januari 2031', '2031-01-14', '2021-01-14', '2021-01-14', NULL, NULL),
(9, 'Sigit Wibowo, S.Pi., M.Pi', '3313131809790001', NULL, 9, NULL, 'AD HOC PERIKANAN', '96/P Tahun 2022', '2022-09-12', '326/KMA/SK/XI/2022', '2022-11-11', '2X', 'Perpanjangan 2x habis 11 November 2032', '2032-11-11', '2022-11-11', '2022-11-11', NULL, NULL),
(10, 'Handono, S.H.', '3578130101650008', NULL, 9, NULL, 'AD HOC PERIKANAN', '96/P Tahun 2022', '2022-09-12', '326/KMA/SK/XI/2022', '2022-11-11', '2X', 'Perpanjangan 2x habis 11 November 2032', '2032-11-11', '2022-11-11', '2022-11-11', NULL, NULL),
(11, 'Addullah, APi, MMA.', '1271161211610003', NULL, 9, 'BALAI PELATIHAN DAN PENYULUHAN PERIKANAN MEDAN', 'AD HOC PERIKANAN', 'KEPRES NO 128/P TAHUN 2019', '2019-11-21', '17/KMA/SK/II/2020', '2020-02-04', '2X', 'Perpanjangan 2x habis 17 Januari 2030', '2030-01-17', '2020-01-17', '2020-01-17', NULL, NULL),
(12, 'Ir. Raymond RM Bako, MA., QIA', '3174070305630006', NULL, 9, NULL, 'AD HOC PERIKANAN', '96/P Tahun 2022', '2022-09-12', '326/KMA/SK/XI/2022', '2022-11-11', '2X', 'Perpanjangan 2x habis 11 November 2032', '2032-11-11', '2022-11-11', '2022-11-11', NULL, NULL),
(13, 'Wedy Novizar, S.H.', '3515072411690004', NULL, 9, 'TNI AL', 'AD HOC PERIKANAN', 'KEPRES NO 128/P TAHUN 2019', '2019-11-21', '17/KMA/SK/II/2020', '2020-02-04', '2X', 'Perpanjangan 2x habis 17 Januari 2030', '2030-01-17', '2020-01-17', '2020-01-17', NULL, NULL),
(14, 'Joko Supraptomo, A.Pi., M.M.', '3302260510630004', NULL, 9, NULL, 'AD HOC PERIKANAN', 'KEPRES NO 137/P TAHUN 2020', '2020-12-30', '04/KMA/SK/I/2021', '2021-01-14', '2X', 'Perpanjangan 2x habis 14 Januari 2031', '2031-01-14', '2021-01-14', '2021-01-14', NULL, NULL),
(15, 'Devi Arnita, S.Pi.,M.Si.', '1871124109800003', NULL, 9, NULL, 'AD HOC PERIKANAN', '96/P Tahun 2022', '2022-09-12', '326/KMA/SK/XI/2022', '2022-11-11', '2X', 'Perpanjangan 2x habis 11 November 2032', '2032-11-11', '2022-11-11', '2022-11-11', NULL, NULL),
(16, 'Dr. Halomoan Freddy Sitinjak Alexandra, S.H.,M.H.', '3175101312630005', NULL, 7, NULL, 'AD HOC PERIKANAN', '96/P Tahun 2022', '2022-09-12', '326/KMA/SK/XI/2022', '2022-11-11', '2X', 'Perpanjangan 2x habis 11 November 2032', '2032-11-11', '2022-11-11', '2022-11-11', NULL, NULL),
(17, 'Sutriyadi, S.H., M.Si', '3578162705610002', NULL, 7, 'PUSDIKPOMAL KODIKDUKUM KODIKLATAL', 'AD HOC PERIKANAN', 'KEPRES NO 128/P TAHUN 2019', '2019-11-21', '17/KMA/SK/II/2020', '2020-02-04', '2X', 'Perpanjangan 2x habis 17 Januari 2030', '2030-01-17', '2020-01-17', '2020-01-17', NULL, NULL),
(18, 'Sirodjuddin, S.H., M.H.', '3578040206700007', NULL, 7, NULL, 'AD HOC PERIKANAN', 'KEPRES NO 137/P TAHUN 2020', '2020-12-30', '04/KMA/SK/I/2021', '2021-01-14', '2X', 'Perpanjangan 2x habis 14 Januari 2031', '2031-01-14', '2021-01-14', '2021-01-14', NULL, NULL),
(19, 'Suriadi, S.H.,M.H.', '1371040205780005', NULL, 7, NULL, 'AD HOC PERIKANAN', 'KEPRES NO 137/P TAHUN 2020', '2020-12-30', '04/KMA/SK/I/2021', '2021-01-14', '2X', 'Perpanjangan 2x habis 14 Januari 2031', '2031-01-14', '2021-01-14', '2021-01-14', NULL, NULL),
(20, 'Endro Basuki Prabowo, A.Pi.', '1871132109620005', NULL, 7, NULL, 'AD HOC PERIKANAN', 'KEPRES NO 137/P TAHUN 2020', '2020-12-30', '04/KMA/SK/I/2021', '2021-01-14', '2X', 'Perpanjangan 2x habis 14 Januari 2031', '2031-01-14', '2021-01-14', '2021-01-14', NULL, NULL),
(21, 'Nur Syamsu, S.T., M.Eng', '7602122908750001', NULL, 6, NULL, 'AD HOC PERIKANAN', '96/P Tahun 2022', '2022-09-12', '326/KMA/SK/XI/2022', '2022-11-11', '2X', 'Perpanjangan 2x habis 11 November 2032', '2032-11-11', '2022-11-11', '2022-11-11', NULL, NULL),
(22, 'Dr Urif Syarifudin, APi, MTA.', '7310042812700001', NULL, 6, 'BALAI PENGELOLAAN SUMBERDAYA PESISIR DAN LAUT MAKASSAR', 'AD HOC PERIKANAN', 'KEPRES NO 128/P TAHUN 2019', '2019-11-21', '17/KMA/SK/II/2020', '2020-02-04', '2X', 'Perpanjangan 2x habis 17 Januari 2030', '2030-01-17', '2020-01-17', '2020-01-17', NULL, NULL),
(23, 'Edi Utomo, S.H., M.H.', '3578091704710001', NULL, 6, 'TNI AL', 'AD HOC PERIKANAN', 'KEPRES NO 128/P TAHUN 2019', '2019-11-21', '17/KMA/SK/II/2020', '2020-02-04', '2X', 'Perpanjangan 2x habis 17 Januari 2030', '2030-01-17', '2020-01-17', '2020-01-17', NULL, NULL),
(24, 'Ir. Gatot Rudiyono, S.H., M.M.', '6171010301580001', NULL, 6, NULL, 'AD HOC PERIKANAN', 'KEPRES NO 137/P TAHUN 2020', '2020-12-30', '04/KMA/SK/I/2021', '2021-01-14', '2X', 'Perpanjangan 2x habis 14 Januari 2031', '2031-01-14', '2021-01-14', '2021-01-14', NULL, NULL),
(25, 'Dr. Nova Yuniarti, S.Pi., M.P.', '7371136506750009', NULL, 6, NULL, 'AD HOC PERIKANAN', 'KEPRES NO 137/P TAHUN 2020', '2020-12-30', '04/KMA/SK/I/2021', '2021-01-14', '2X', 'Perpanjangan 2x habis 14 Januari 2031', '2031-01-14', '2021-01-14', '2021-01-14', NULL, NULL),
(26, 'Ir. Ruslan, M.M.', '1963121902202211007', NULL, 1, NULL, 'AD HOC PERIKANAN', '96/P Tahun 2022', '2022-09-12', '326/KMA/SK/XI/2022', '2022-11-11', '2X', 'Perpanjangan 2x habis 11 November 2032', '2032-11-11', '2022-11-11', '2022-11-11', NULL, NULL),
(27, 'Sugeng Triono, S.H., M.H.', '3302270705780002', NULL, 2, 'TNI AL', 'AD HOC PERIKANAN', 'KEPRES NO 128/P TAHUN 2019', '2019-11-21', '17/KMA/SK/II/2020', '2020-02-04', '2X', 'Perpanjangan 2x habis 17 Januari 2030', '2030-01-17', '2020-01-17', '2020-01-17', NULL, NULL),
(28, 'Temmy Fetrozian, SSt,Pi, M.H.', '1806010803770003', NULL, 2, 'PNS DINAS PENDIDIKAN PERIKANAN KABUPATEN TANGGAMUS', 'AD HOC PERIKANAN', 'KEPRES NO 128/P TAHUN 2019', '2019-11-21', '17/KMA/SK/II/2020', '2020-02-04', '2X', 'Perpanjangan 2x habis 17 Januari 2030', '2030-01-17', '2020-01-17', '2020-01-17', NULL, NULL),
(29, 'Musdamin, S.Pi.', '7471060107770029', NULL, 2, NULL, 'AD HOC PERIKANAN', 'KEPRES NO 137/P TAHUN 2020', '2020-12-30', '04/KMA/SK/I/2021', '2021-01-14', '2X', 'Perpanjangan 2x habis 14 Januari 2031', '2031-01-14', '2021-01-14', '2021-01-14', NULL, NULL),
(30, 'Alex Tarugi Tobing, S.H., M.H.', '3275041004670019', NULL, 2, 'KEMRNTRIAN KELAUTAN DAN PERIKANAN', 'AD HOC PERIKANAN', 'KEPRES NO 128/P TAHUN 2019', '2019-11-21', '17/KMA/SK/II/2020', '2020-02-04', '2X', 'Perpanjangan 2x habis 17 Januari 2030', '2030-01-17', '2020-01-17', '2020-01-17', NULL, NULL),
(31, 'Nursyamsi Junus, S.T., M.Sc.', '7371105310730004', NULL, 1, NULL, 'AD HOC', 'KEPRES NO 137/P TAHUN 2020', '2020-12-30', '04/KMA/SK/I/2021', '2021-01-14', '2X', 'Perpanjangan 2x habis 14 Januari 2031', '2031-01-14', '2021-01-14', '2021-01-14', NULL, NULL),
(32, 'Sitti Muslimah Bachrum, S.Pi., M.P.', '7371144506710008', NULL, 1, NULL, 'AD HOC', 'KEPRES NO 137/P TAHUN 2020', '2020-12-30', '04/KMA/SK/I/2021', '2021-01-14', '2X', 'Perpanjangan 2x habis 14 Januari 2031', '2031-01-14', '2021-01-14', '2021-01-14', NULL, NULL),
(33, 'Ir. Armain Naim, S.H., MSi.', '8271021807680001', NULL, 10, 'DITJEN PSDKP AMBON', 'AD HOC PERIKANAN', 'KEPRES NO 128/P TAHUN 2019', '2019-11-21', '17/KMA/SK/II/2020', '2020-02-04', '2X', 'Perpanjangan 2x habis 17 Januari 2030', '2030-01-17', '2020-01-17', '2020-01-17', NULL, NULL),
(34, 'Saptoyo, S.E., M.Sc.', '6171020910690009', NULL, 10, NULL, 'AD HOC PERIKANAN', 'KEPRES NO 137/P TAHUN 2020', '2020-12-30', '04/KMA/SK/I/2021', '2021-01-14', '2X', 'Perpanjangan 2x habis 14 Januari 2031', '2031-01-14', '2021-01-14', '2021-01-14', NULL, NULL),
(35, 'Dr. Ir. Irawan Muripto, M.Sc.', '3175042509510002', NULL, 10, NULL, 'AD HOC', 'KEPRES NO 137/P TAHUN 2020', '2020-12-30', '04/KMA/SK/I/2021', '2021-01-14', '2X', 'Perpanjangan 2x habis 14 Januari 2031', '2031-01-14', '2021-01-14', '2021-01-14', NULL, NULL),
(36, 'Awaluddin, S.Pi', '1977031902202211004', NULL, 8, NULL, 'AD HOC PERIKANAN', '96/P Tahun 2022', '2022-09-12', '326/KMA/SK/XI/2022', '2022-11-11', '2X', 'Perpanjangan 2x habis 11 November 2032', '2032-11-11', '2022-11-11', '2022-11-11', NULL, NULL),
(37, 'Asriadi, S.Kel., M.Si.', '7371140105780006', NULL, 8, 'BALAI PENGELOLAAN SUMBERDAYA PESISIR DAN LAUT(BPSPL)', 'AD HOC PERIKANAN', 'KEPRES NO 128/P TAHUN 2019', '2019-11-21', '17/KMA/SK/II/2020', '2020-02-04', '2X', 'Perpanjangan 2x habis 17 Januari 2030', '2030-01-17', '2020-01-17', '2020-01-17', NULL, NULL),
(38, 'Hunter Hosen, S.Pi., M.Si.', '7373090702680001', NULL, 8, NULL, 'AD HOC PERIKANAN', 'KEPRES NO 137/P TAHUN 2020', '2020-12-30', '04/KMA/SK/I/2021', '2021-01-14', '2X', 'Perpanjangan 2x habis 14 Januari 2031', '2031-01-14', '2021-01-14', '2021-01-14', NULL, NULL),
(39, 'Aco Harsandi, S.H., M.H.', '7371081512770004', NULL, 5, NULL, 'AD HOC PERIKANAN', '96/P Tahun 2022', '2022-09-12', '326/KMA/SK/XI/2022', '2022-11-11', '2X', 'Perpanjangan 2x habis 11 November 2032', '2032-11-11', '2022-11-11', '2022-11-11', NULL, NULL),
(40, 'Unggul Senoaji, S.H.', '3201130912661001', NULL, 5, 'STASIUN PENGAWASAN SUMBERDAYA KELAUTAN DAN PERIKANAN CILACAP', 'AD HOC PERIKANAN', 'KEPRES NO 128/P TAHUN 2019', '2019-11-21', '17/KMA/SK/II/2020', '2020-02-04', '2X', 'Perpanjangan 2x habis 17 Januari 2030', '2030-01-17', '2020-01-17', '2020-01-17', NULL, NULL),
(41, 'Anthony Soediarto, S.H., M.Hum.', '3404101012550004', NULL, 5, NULL, 'AD HOC PERIKANAN', 'KEPRES NO 137/P TAHUN 2020', '2020-12-30', '04/KMA/SK/I/2021', '2021-01-14', '2X', 'Perpanjangan 2x habis 14 Januari 2031', '2031-01-14', '2021-01-14', '2021-01-14', NULL, NULL),
(46, 'bobi', '98787758847', 'hakim_1759481486_68df8e8e67e1d.png', 2, '', 'AD HOC PERIKANAN', '', NULL, '', NULL, '', '', NULL, NULL, NULL, '', NULL);

-- --------------------------------------------------------

--
-- Table structure for table `kebutuhan_perikanan`
--

CREATE TABLE `kebutuhan_perikanan` (
  `id` int(11) NOT NULL,
  `id_pengadilan` int(11) NOT NULL,
  `hk_ad_hoc` int(11) NOT NULL,
  `perkara_2022` int(11) NOT NULL DEFAULT 0,
  `perkara_2023` int(11) NOT NULL DEFAULT 0,
  `perkara_2024` int(11) NOT NULL DEFAULT 0,
  `rata_rata` int(11) NOT NULL,
  `ideal` int(11) NOT NULL
) ENGINE=InnoDB DEFAULT CHARSET=utf8mb4 COLLATE=utf8mb4_general_ci;

--
-- Dumping data for table `kebutuhan_perikanan`
--

INSERT INTO `kebutuhan_perikanan` (`id`, `id_pengadilan`, `hk_ad_hoc`, `perkara_2022`, `perkara_2023`, `perkara_2024`, `rata_rata`, `ideal`) VALUES
(1, 1, 3, 0, 0, 0, 1, 3),
(2, 2, 4, 0, 0, 0, 17, 3),
(3, 3, 3, 5, 8, 2, 5, 3),
(4, 4, 5, 10, 15, 8, 11, 3),
(5, 5, 3, 0, 0, 0, 1, 3),
(6, 6, 5, 0, 0, 0, 18, 3),
(7, 7, 5, 0, 0, 0, 20, 3),
(8, 8, 3, 0, 0, 0, 2, 3),
(9, 9, 7, 30, 35, 34, 33, 4),
(10, 10, 3, 0, 0, 0, 1, 3);

-- --------------------------------------------------------

--
-- Table structure for table `pengadilan`
--

CREATE TABLE `pengadilan` (
  `id` int(11) NOT NULL,
  `nama_pengadilan` varchar(255) NOT NULL
) ENGINE=InnoDB DEFAULT CHARSET=utf8mb4 COLLATE=utf8mb4_general_ci;

--
-- Dumping data for table `pengadilan`
--

INSERT INTO `pengadilan` (`id`, `nama_pengadilan`) VALUES
(1, 'PN Ambon'),
(2, 'PN Bitung'),
(3, 'PN Jakarta Utara'),
(4, 'PN Medan'),
(5, 'PN Merauke'),
(6, 'PN Pontianak'),
(7, 'PN Ranai'),
(8, 'PN Sorong'),
(9, 'PN Tanjung Pinang'),
(10, 'PN Tual');

-- --------------------------------------------------------

--
-- Table structure for table `usulan_pindah`
--

CREATE TABLE `usulan_pindah` (
  `id` int(11) NOT NULL,
  `id_hakim` int(11) NOT NULL,
  `id_pengadilan_asal` int(11) NOT NULL,
  `id_pengadilan_tujuan` int(11) DEFAULT NULL,
  `tujuan_usul_text` varchar(255) DEFAULT NULL,
  `tanggal_usul` date NOT NULL,
  `no_surat` varchar(255) DEFAULT NULL,
  `tanggal_surat` date DEFAULT NULL,
  `alasan` text DEFAULT NULL,
  `nama_berkas` varchar(255) DEFAULT NULL,
  `status` enum('Diajukan','Disetujui','Ditolak') NOT NULL DEFAULT 'Diajukan',
  `keterangan_status` text DEFAULT NULL,
  `tanggal_diproses` datetime DEFAULT NULL
) ENGINE=InnoDB DEFAULT CHARSET=utf8mb4 COLLATE=utf8mb4_general_ci;

--
-- Dumping data for table `usulan_pindah`
--

INSERT INTO `usulan_pindah` (`id`, `id_hakim`, `id_pengadilan_asal`, `id_pengadilan_tujuan`, `tujuan_usul_text`, `tanggal_usul`, `no_surat`, `tanggal_surat`, `alasan`, `nama_berkas`, `status`, `keterangan_status`, `tanggal_diproses`) VALUES
(1, 30, 1, NULL, 'bekasi', '2025-10-03', '14045', '2025-10-03', 'sd', '68df552838fc1-SKPP_SIGNED (1).pdf', 'Ditolak', 'full', '2025-10-06 09:40:30'),
(2, 30, 1, 2, 'bekasi', '2025-10-03', '14045', '2025-10-03', 'tes', '68df7c33aa187-SKPP_SIGNED (1).pdf', 'Disetujui', 'ke bitung dr ambon', '2025-10-03 09:34:36'),
(3, 26, 2, 1, 'ambon', '2025-10-06', '14045', NULL, 'baik', '68e3722b7194e-SKPP_SIGNED (1).pdf', 'Disetujui', '', '2025-10-06 09:39:54');

--
-- Indexes for dumped tables
--

--
-- Indexes for table `drp_hakim_perikanan`
--
ALTER TABLE `drp_hakim_perikanan`
  ADD PRIMARY KEY (`id`);

--
-- Indexes for table `hakim_perikanan`
--
ALTER TABLE `hakim_perikanan`
  ADD PRIMARY KEY (`id`),
  ADD KEY `id_pengadilan` (`id_pengadilan`);

--
-- Indexes for table `kebutuhan_perikanan`
--
ALTER TABLE `kebutuhan_perikanan`
  ADD PRIMARY KEY (`id`),
  ADD UNIQUE KEY `id_pengadilan` (`id_pengadilan`);

--
-- Indexes for table `pengadilan`
--
ALTER TABLE `pengadilan`
  ADD PRIMARY KEY (`id`),
  ADD UNIQUE KEY `nama_pengadilan` (`nama_pengadilan`);

--
-- Indexes for table `usulan_pindah`
--
ALTER TABLE `usulan_pindah`
  ADD PRIMARY KEY (`id`),
  ADD KEY `fk_usulan_hakim` (`id_hakim`),
  ADD KEY `fk_usulan_pengadilan_asal` (`id_pengadilan_asal`),
  ADD KEY `fk_usulan_pengadilan_tujuan` (`id_pengadilan_tujuan`);

--
-- AUTO_INCREMENT for dumped tables
--

--
-- AUTO_INCREMENT for table `drp_hakim_perikanan`
--
ALTER TABLE `drp_hakim_perikanan`
  MODIFY `id` int(11) NOT NULL AUTO_INCREMENT, AUTO_INCREMENT=90;

--
-- AUTO_INCREMENT for table `hakim_perikanan`
--
ALTER TABLE `hakim_perikanan`
  MODIFY `id` int(11) NOT NULL AUTO_INCREMENT, AUTO_INCREMENT=47;

--
-- AUTO_INCREMENT for table `kebutuhan_perikanan`
--
ALTER TABLE `kebutuhan_perikanan`
  MODIFY `id` int(11) NOT NULL AUTO_INCREMENT, AUTO_INCREMENT=11;

--
-- AUTO_INCREMENT for table `pengadilan`
--
ALTER TABLE `pengadilan`
  MODIFY `id` int(11) NOT NULL AUTO_INCREMENT, AUTO_INCREMENT=11;

--
-- AUTO_INCREMENT for table `usulan_pindah`
--
ALTER TABLE `usulan_pindah`
  MODIFY `id` int(11) NOT NULL AUTO_INCREMENT, AUTO_INCREMENT=4;

--
-- Constraints for dumped tables
--

--
-- Constraints for table `hakim_perikanan`
--
ALTER TABLE `hakim_perikanan`
  ADD CONSTRAINT `fk_hakim_pengadilan` FOREIGN KEY (`id_pengadilan`) REFERENCES `pengadilan` (`id`) ON DELETE CASCADE;

--
-- Constraints for table `usulan_pindah`
--
ALTER TABLE `usulan_pindah`
  ADD CONSTRAINT `fk_usulan_hakim` FOREIGN KEY (`id_hakim`) REFERENCES `hakim_perikanan` (`id`) ON DELETE CASCADE,
  ADD CONSTRAINT `fk_usulan_pengadilan_asal` FOREIGN KEY (`id_pengadilan_asal`) REFERENCES `pengadilan` (`id`) ON DELETE CASCADE,
  ADD CONSTRAINT `fk_usulan_pengadilan_tujuan` FOREIGN KEY (`id_pengadilan_tujuan`) REFERENCES `pengadilan` (`id`) ON DELETE CASCADE;
COMMIT;

/*!40101 SET CHARACTER_SET_CLIENT=@OLD_CHARACTER_SET_CLIENT */;
/*!40101 SET CHARACTER_SET_RESULTS=@OLD_CHARACTER_SET_RESULTS */;
/*!40101 SET COLLATION_CONNECTION=@OLD_COLLATION_CONNECTION */;
